category,unicode,name,browser
Nd,U+0030,DIGIT ZERO,0
Nd,U+0031,DIGIT ONE,1
Nd,U+0032,DIGIT TWO,2
Nd,U+0033,DIGIT THREE,3
Nd,U+0034,DIGIT FOUR,4
Nd,U+0035,DIGIT FIVE,5
Nd,U+0036,DIGIT SIX,6
Nd,U+0037,DIGIT SEVEN,7
Nd,U+0038,DIGIT EIGHT,8
Nd,U+0039,DIGIT NINE,9
Nd,U+0660,ARABIC-INDIC DIGIT ZERO,٠
Nd,U+0661,ARABIC-INDIC DIGIT ONE,١
Nd,U+0662,ARABIC-INDIC DIGIT TWO,٢
Nd,U+0663,ARABIC-INDIC DIGIT THREE,٣
Nd,U+0664,ARABIC-INDIC DIGIT FOUR,٤
Nd,U+0665,ARABIC-INDIC DIGIT FIVE,٥
Nd,U+0666,ARABIC-INDIC DIGIT SIX,٦
Nd,U+0667,ARABIC-INDIC DIGIT SEVEN,٧
Nd,U+0668,ARABIC-INDIC DIGIT EIGHT,٨
Nd,U+0669,ARABIC-INDIC DIGIT NINE,٩
Nd,U+06F0,EXTENDED ARABIC-INDIC DIGIT ZERO,۰
Nd,U+06F1,EXTENDED ARABIC-INDIC DIGIT ONE,۱
Nd,U+06F2,EXTENDED ARABIC-INDIC DIGIT TWO,۲
Nd,U+06F3,EXTENDED ARABIC-INDIC DIGIT THREE,۳
Nd,U+06F4,EXTENDED ARABIC-INDIC DIGIT FOUR,۴
Nd,U+06F5,EXTENDED ARABIC-INDIC DIGIT FIVE,۵
Nd,U+06F6,EXTENDED ARABIC-INDIC DIGIT SIX,۶
Nd,U+06F7,EXTENDED ARABIC-INDIC DIGIT SEVEN,۷
Nd,U+06F8,EXTENDED ARABIC-INDIC DIGIT EIGHT,۸
Nd,U+06F9,EXTENDED ARABIC-INDIC DIGIT NINE,۹
Nd,U+07C0,NKO DIGIT ZERO,߀
Nd,U+07C1,NKO DIGIT ONE,߁
Nd,U+07C2,NKO DIGIT TWO,߂
Nd,U+07C3,NKO DIGIT THREE,߃
Nd,U+07C4,NKO DIGIT FOUR,߄
Nd,U+07C5,NKO DIGIT FIVE,߅
Nd,U+07C6,NKO DIGIT SIX,߆
Nd,U+07C7,NKO DIGIT SEVEN,߇
Nd,U+07C8,NKO DIGIT EIGHT,߈
Nd,U+07C9,NKO DIGIT NINE,߉
Nd,U+0966,DEVANAGARI DIGIT ZERO,०
Nd,U+0967,DEVANAGARI DIGIT ONE,१
Nd,U+0968,DEVANAGARI DIGIT TWO,२
Nd,U+0969,DEVANAGARI DIGIT THREE,३
Nd,U+096A,DEVANAGARI DIGIT FOUR,४
Nd,U+096B,DEVANAGARI DIGIT FIVE,५
Nd,U+096C,DEVANAGARI DIGIT SIX,६
Nd,U+096D,DEVANAGARI DIGIT SEVEN,७
Nd,U+096E,DEVANAGARI DIGIT EIGHT,८
Nd,U+096F,DEVANAGARI DIGIT NINE,९
Nd,U+09E6,BENGALI DIGIT ZERO,০
Nd,U+09E7,BENGALI DIGIT ONE,১
Nd,U+09E8,BENGALI DIGIT TWO,২
Nd,U+09E9,BENGALI DIGIT THREE,৩
Nd,U+09EA,BENGALI DIGIT FOUR,৪
Nd,U+09EB,BENGALI DIGIT FIVE,৫
Nd,U+09EC,BENGALI DIGIT SIX,৬
Nd,U+09ED,BENGALI DIGIT SEVEN,৭
Nd,U+09EE,BENGALI DIGIT EIGHT,৮
Nd,U+09EF,BENGALI DIGIT NINE,৯
Nd,U+0A66,GURMUKHI DIGIT ZERO,੦
Nd,U+0A67,GURMUKHI DIGIT ONE,੧
Nd,U+0A68,GURMUKHI DIGIT TWO,੨
Nd,U+0A69,GURMUKHI DIGIT THREE,੩
Nd,U+0A6A,GURMUKHI DIGIT FOUR,੪
Nd,U+0A6B,GURMUKHI DIGIT FIVE,੫
Nd,U+0A6C,GURMUKHI DIGIT SIX,੬
Nd,U+0A6D,GURMUKHI DIGIT SEVEN,੭
Nd,U+0A6E,GURMUKHI DIGIT EIGHT,੮
Nd,U+0A6F,GURMUKHI DIGIT NINE,੯
Nd,U+0AE6,GUJARATI DIGIT ZERO,૦
Nd,U+0AE7,GUJARATI DIGIT ONE,૧
Nd,U+0AE8,GUJARATI DIGIT TWO,૨
Nd,U+0AE9,GUJARATI DIGIT THREE,૩
Nd,U+0AEA,GUJARATI DIGIT FOUR,૪
Nd,U+0AEB,GUJARATI DIGIT FIVE,૫
Nd,U+0AEC,GUJARATI DIGIT SIX,૬
Nd,U+0AED,GUJARATI DIGIT SEVEN,૭
Nd,U+0AEE,GUJARATI DIGIT EIGHT,૮
Nd,U+0AEF,GUJARATI DIGIT NINE,૯
Nd,U+0B66,ORIYA DIGIT ZERO,୦
Nd,U+0B67,ORIYA DIGIT ONE,୧
Nd,U+0B68,ORIYA DIGIT TWO,୨
Nd,U+0B69,ORIYA DIGIT THREE,୩
Nd,U+0B6A,ORIYA DIGIT FOUR,୪
Nd,U+0B6B,ORIYA DIGIT FIVE,୫
Nd,U+0B6C,ORIYA DIGIT SIX,୬
Nd,U+0B6D,ORIYA DIGIT SEVEN,୭
Nd,U+0B6E,ORIYA DIGIT EIGHT,୮
Nd,U+0B6F,ORIYA DIGIT NINE,୯
Nd,U+0BE6,TAMIL DIGIT ZERO,௦
Nd,U+0BE7,TAMIL DIGIT ONE,௧
Nd,U+0BE8,TAMIL DIGIT TWO,௨
Nd,U+0BE9,TAMIL DIGIT THREE,௩
Nd,U+0BEA,TAMIL DIGIT FOUR,௪
Nd,U+0BEB,TAMIL DIGIT FIVE,௫
Nd,U+0BEC,TAMIL DIGIT SIX,௬
Nd,U+0BED,TAMIL DIGIT SEVEN,௭
Nd,U+0BEE,TAMIL DIGIT EIGHT,௮
Nd,U+0BEF,TAMIL DIGIT NINE,௯
Nd,U+0C66,TELUGU DIGIT ZERO,౦
Nd,U+0C67,TELUGU DIGIT ONE,౧
Nd,U+0C68,TELUGU DIGIT TWO,౨
Nd,U+0C69,TELUGU DIGIT THREE,౩
Nd,U+0C6A,TELUGU DIGIT FOUR,౪
Nd,U+0C6B,TELUGU DIGIT FIVE,౫
Nd,U+0C6C,TELUGU DIGIT SIX,౬
Nd,U+0C6D,TELUGU DIGIT SEVEN,౭
Nd,U+0C6E,TELUGU DIGIT EIGHT,౮
Nd,U+0C6F,TELUGU DIGIT NINE,౯
Nd,U+0CE6,KANNADA DIGIT ZERO,೦
Nd,U+0CE7,KANNADA DIGIT ONE,೧
Nd,U+0CE8,KANNADA DIGIT TWO,೨
Nd,U+0CE9,KANNADA DIGIT THREE,೩
Nd,U+0CEA,KANNADA DIGIT FOUR,೪
Nd,U+0CEB,KANNADA DIGIT FIVE,೫
Nd,U+0CEC,KANNADA DIGIT SIX,೬
Nd,U+0CED,KANNADA DIGIT SEVEN,೭
Nd,U+0CEE,KANNADA DIGIT EIGHT,೮
Nd,U+0CEF,KANNADA DIGIT NINE,೯
Nd,U+0D66,MALAYALAM DIGIT ZERO,൦
Nd,U+0D67,MALAYALAM DIGIT ONE,൧
Nd,U+0D68,MALAYALAM DIGIT TWO,൨
Nd,U+0D69,MALAYALAM DIGIT THREE,൩
Nd,U+0D6A,MALAYALAM DIGIT FOUR,൪
Nd,U+0D6B,MALAYALAM DIGIT FIVE,൫
Nd,U+0D6C,MALAYALAM DIGIT SIX,൬
Nd,U+0D6D,MALAYALAM DIGIT SEVEN,൭
Nd,U+0D6E,MALAYALAM DIGIT EIGHT,൮
Nd,U+0D6F,MALAYALAM DIGIT NINE,൯
Nd,U+0DE6,SINHALA LITH DIGIT ZERO,෦
Nd,U+0DE7,SINHALA LITH DIGIT ONE,෧
Nd,U+0DE8,SINHALA LITH DIGIT TWO,෨
Nd,U+0DE9,SINHALA LITH DIGIT THREE,෩
Nd,U+0DEA,SINHALA LITH DIGIT FOUR,෪
Nd,U+0DEB,SINHALA LITH DIGIT FIVE,෫
Nd,U+0DEC,SINHALA LITH DIGIT SIX,෬
Nd,U+0DED,SINHALA LITH DIGIT SEVEN,෭
Nd,U+0DEE,SINHALA LITH DIGIT EIGHT,෮
Nd,U+0DEF,SINHALA LITH DIGIT NINE,෯
Nd,U+0E50,THAI DIGIT ZERO,๐
Nd,U+0E51,THAI DIGIT ONE,๑
Nd,U+0E52,THAI DIGIT TWO,๒
Nd,U+0E53,THAI DIGIT THREE,๓
Nd,U+0E54,THAI DIGIT FOUR,๔
Nd,U+0E55,THAI DIGIT FIVE,๕
Nd,U+0E56,THAI DIGIT SIX,๖
Nd,U+0E57,THAI DIGIT SEVEN,๗
Nd,U+0E58,THAI DIGIT EIGHT,๘
Nd,U+0E59,THAI DIGIT NINE,๙
Nd,U+0ED0,LAO DIGIT ZERO,໐
Nd,U+0ED1,LAO DIGIT ONE,໑
Nd,U+0ED2,LAO DIGIT TWO,໒
Nd,U+0ED3,LAO DIGIT THREE,໓
Nd,U+0ED4,LAO DIGIT FOUR,໔
Nd,U+0ED5,LAO DIGIT FIVE,໕
Nd,U+0ED6,LAO DIGIT SIX,໖
Nd,U+0ED7,LAO DIGIT SEVEN,໗
Nd,U+0ED8,LAO DIGIT EIGHT,໘
Nd,U+0ED9,LAO DIGIT NINE,໙
Nd,U+0F20,TIBETAN DIGIT ZERO,༠
Nd,U+0F21,TIBETAN DIGIT ONE,༡
Nd,U+0F22,TIBETAN DIGIT TWO,༢
Nd,U+0F23,TIBETAN DIGIT THREE,༣
Nd,U+0F24,TIBETAN DIGIT FOUR,༤
Nd,U+0F25,TIBETAN DIGIT FIVE,༥
Nd,U+0F26,TIBETAN DIGIT SIX,༦
Nd,U+0F27,TIBETAN DIGIT SEVEN,༧
Nd,U+0F28,TIBETAN DIGIT EIGHT,༨
Nd,U+0F29,TIBETAN DIGIT NINE,༩
Nd,U+1040,MYANMAR DIGIT ZERO,၀
Nd,U+1041,MYANMAR DIGIT ONE,၁
Nd,U+1042,MYANMAR DIGIT TWO,၂
Nd,U+1043,MYANMAR DIGIT THREE,၃
Nd,U+1044,MYANMAR DIGIT FOUR,၄
Nd,U+1045,MYANMAR DIGIT FIVE,၅
Nd,U+1046,MYANMAR DIGIT SIX,၆
Nd,U+1047,MYANMAR DIGIT SEVEN,၇
Nd,U+1048,MYANMAR DIGIT EIGHT,၈
Nd,U+1049,MYANMAR DIGIT NINE,၉
Nd,U+1090,MYANMAR SHAN DIGIT ZERO,႐
Nd,U+1091,MYANMAR SHAN DIGIT ONE,႑
Nd,U+1092,MYANMAR SHAN DIGIT TWO,႒
Nd,U+1093,MYANMAR SHAN DIGIT THREE,႓
Nd,U+1094,MYANMAR SHAN DIGIT FOUR,႔
Nd,U+1095,MYANMAR SHAN DIGIT FIVE,႕
Nd,U+1096,MYANMAR SHAN DIGIT SIX,႖
Nd,U+1097,MYANMAR SHAN DIGIT SEVEN,႗
Nd,U+1098,MYANMAR SHAN DIGIT EIGHT,႘
Nd,U+1099,MYANMAR SHAN DIGIT NINE,႙
Nd,U+17E0,KHMER DIGIT ZERO,០
Nd,U+17E1,KHMER DIGIT ONE,១
Nd,U+17E2,KHMER DIGIT TWO,២
Nd,U+17E3,KHMER DIGIT THREE,៣
Nd,U+17E4,KHMER DIGIT FOUR,៤
Nd,U+17E5,KHMER DIGIT FIVE,៥
Nd,U+17E6,KHMER DIGIT SIX,៦
Nd,U+17E7,KHMER DIGIT SEVEN,៧
Nd,U+17E8,KHMER DIGIT EIGHT,៨
Nd,U+17E9,KHMER DIGIT NINE,៩
Nd,U+1810,MONGOLIAN DIGIT ZERO,᠐
Nd,U+1811,MONGOLIAN DIGIT ONE,᠑
Nd,U+1812,MONGOLIAN DIGIT TWO,᠒
Nd,U+1813,MONGOLIAN DIGIT THREE,᠓
Nd,U+1814,MONGOLIAN DIGIT FOUR,᠔
Nd,U+1815,MONGOLIAN DIGIT FIVE,᠕
Nd,U+1816,MONGOLIAN DIGIT SIX,᠖
Nd,U+1817,MONGOLIAN DIGIT SEVEN,᠗
Nd,U+1818,MONGOLIAN DIGIT EIGHT,᠘
Nd,U+1819,MONGOLIAN DIGIT NINE,᠙
Nd,U+1946,LIMBU DIGIT ZERO,᥆
Nd,U+1947,LIMBU DIGIT ONE,᥇
Nd,U+1948,LIMBU DIGIT TWO,᥈
Nd,U+1949,LIMBU DIGIT THREE,᥉
Nd,U+194A,LIMBU DIGIT FOUR,᥊
Nd,U+194B,LIMBU DIGIT FIVE,᥋
Nd,U+194C,LIMBU DIGIT SIX,᥌
Nd,U+194D,LIMBU DIGIT SEVEN,᥍
Nd,U+194E,LIMBU DIGIT EIGHT,᥎
Nd,U+194F,LIMBU DIGIT NINE,᥏
Nd,U+19D0,NEW TAI LUE DIGIT ZERO,᧐
Nd,U+19D1,NEW TAI LUE DIGIT ONE,᧑
Nd,U+19D2,NEW TAI LUE DIGIT TWO,᧒
Nd,U+19D3,NEW TAI LUE DIGIT THREE,᧓
Nd,U+19D4,NEW TAI LUE DIGIT FOUR,᧔
Nd,U+19D5,NEW TAI LUE DIGIT FIVE,᧕
Nd,U+19D6,NEW TAI LUE DIGIT SIX,᧖
Nd,U+19D7,NEW TAI LUE DIGIT SEVEN,᧗
Nd,U+19D8,NEW TAI LUE DIGIT EIGHT,᧘
Nd,U+19D9,NEW TAI LUE DIGIT NINE,᧙
Nd,U+1A80,TAI THAM HORA DIGIT ZERO,᪀
Nd,U+1A81,TAI THAM HORA DIGIT ONE,᪁
Nd,U+1A82,TAI THAM HORA DIGIT TWO,᪂
Nd,U+1A83,TAI THAM HORA DIGIT THREE,᪃
Nd,U+1A84,TAI THAM HORA DIGIT FOUR,᪄
Nd,U+1A85,TAI THAM HORA DIGIT FIVE,᪅
Nd,U+1A86,TAI THAM HORA DIGIT SIX,᪆
Nd,U+1A87,TAI THAM HORA DIGIT SEVEN,᪇
Nd,U+1A88,TAI THAM HORA DIGIT EIGHT,᪈
Nd,U+1A89,TAI THAM HORA DIGIT NINE,᪉
Nd,U+1A90,TAI THAM THAM DIGIT ZERO,᪐
Nd,U+1A91,TAI THAM THAM DIGIT ONE,᪑
Nd,U+1A92,TAI THAM THAM DIGIT TWO,᪒
Nd,U+1A93,TAI THAM THAM DIGIT THREE,᪓
Nd,U+1A94,TAI THAM THAM DIGIT FOUR,᪔
Nd,U+1A95,TAI THAM THAM DIGIT FIVE,᪕
Nd,U+1A96,TAI THAM THAM DIGIT SIX,᪖
Nd,U+1A97,TAI THAM THAM DIGIT SEVEN,᪗
Nd,U+1A98,TAI THAM THAM DIGIT EIGHT,᪘
Nd,U+1A99,TAI THAM THAM DIGIT NINE,᪙
Nd,U+1B50,BALINESE DIGIT ZERO,᭐
Nd,U+1B51,BALINESE DIGIT ONE,᭑
Nd,U+1B52,BALINESE DIGIT TWO,᭒
Nd,U+1B53,BALINESE DIGIT THREE,᭓
Nd,U+1B54,BALINESE DIGIT FOUR,᭔
Nd,U+1B55,BALINESE DIGIT FIVE,᭕
Nd,U+1B56,BALINESE DIGIT SIX,᭖
Nd,U+1B57,BALINESE DIGIT SEVEN,᭗
Nd,U+1B58,BALINESE DIGIT EIGHT,᭘
Nd,U+1B59,BALINESE DIGIT NINE,᭙
Nd,U+1BB0,SUNDANESE DIGIT ZERO,᮰
Nd,U+1BB1,SUNDANESE DIGIT ONE,᮱
Nd,U+1BB2,SUNDANESE DIGIT TWO,᮲
Nd,U+1BB3,SUNDANESE DIGIT THREE,᮳
Nd,U+1BB4,SUNDANESE DIGIT FOUR,᮴
Nd,U+1BB5,SUNDANESE DIGIT FIVE,᮵
Nd,U+1BB6,SUNDANESE DIGIT SIX,᮶
Nd,U+1BB7,SUNDANESE DIGIT SEVEN,᮷
Nd,U+1BB8,SUNDANESE DIGIT EIGHT,᮸
Nd,U+1BB9,SUNDANESE DIGIT NINE,᮹
Nd,U+1C40,LEPCHA DIGIT ZERO,᱀
Nd,U+1C41,LEPCHA DIGIT ONE,᱁
Nd,U+1C42,LEPCHA DIGIT TWO,᱂
Nd,U+1C43,LEPCHA DIGIT THREE,᱃
Nd,U+1C44,LEPCHA DIGIT FOUR,᱄
Nd,U+1C45,LEPCHA DIGIT FIVE,᱅
Nd,U+1C46,LEPCHA DIGIT SIX,᱆
Nd,U+1C47,LEPCHA DIGIT SEVEN,᱇
Nd,U+1C48,LEPCHA DIGIT EIGHT,᱈
Nd,U+1C49,LEPCHA DIGIT NINE,᱉
Nd,U+1C50,OL CHIKI DIGIT ZERO,᱐
Nd,U+1C51,OL CHIKI DIGIT ONE,᱑
Nd,U+1C52,OL CHIKI DIGIT TWO,᱒
Nd,U+1C53,OL CHIKI DIGIT THREE,᱓
Nd,U+1C54,OL CHIKI DIGIT FOUR,᱔
Nd,U+1C55,OL CHIKI DIGIT FIVE,᱕
Nd,U+1C56,OL CHIKI DIGIT SIX,᱖
Nd,U+1C57,OL CHIKI DIGIT SEVEN,᱗
Nd,U+1C58,OL CHIKI DIGIT EIGHT,᱘
Nd,U+1C59,OL CHIKI DIGIT NINE,᱙
Nd,U+A620,VAI DIGIT ZERO,꘠
Nd,U+A621,VAI DIGIT ONE,꘡
Nd,U+A622,VAI DIGIT TWO,꘢
Nd,U+A623,VAI DIGIT THREE,꘣
Nd,U+A624,VAI DIGIT FOUR,꘤
Nd,U+A625,VAI DIGIT FIVE,꘥
Nd,U+A626,VAI DIGIT SIX,꘦
Nd,U+A627,VAI DIGIT SEVEN,꘧
Nd,U+A628,VAI DIGIT EIGHT,꘨
Nd,U+A629,VAI DIGIT NINE,꘩
Nd,U+A8D0,SAURASHTRA DIGIT ZERO,꣐
Nd,U+A8D1,SAURASHTRA DIGIT ONE,꣑
Nd,U+A8D2,SAURASHTRA DIGIT TWO,꣒
Nd,U+A8D3,SAURASHTRA DIGIT THREE,꣓
Nd,U+A8D4,SAURASHTRA DIGIT FOUR,꣔
Nd,U+A8D5,SAURASHTRA DIGIT FIVE,꣕
Nd,U+A8D6,SAURASHTRA DIGIT SIX,꣖
Nd,U+A8D7,SAURASHTRA DIGIT SEVEN,꣗
Nd,U+A8D8,SAURASHTRA DIGIT EIGHT,꣘
Nd,U+A8D9,SAURASHTRA DIGIT NINE,꣙
Nd,U+A900,KAYAH LI DIGIT ZERO,꤀
Nd,U+A901,KAYAH LI DIGIT ONE,꤁
Nd,U+A902,KAYAH LI DIGIT TWO,꤂
Nd,U+A903,KAYAH LI DIGIT THREE,꤃
Nd,U+A904,KAYAH LI DIGIT FOUR,꤄
Nd,U+A905,KAYAH LI DIGIT FIVE,꤅
Nd,U+A906,KAYAH LI DIGIT SIX,꤆
Nd,U+A907,KAYAH LI DIGIT SEVEN,꤇
Nd,U+A908,KAYAH LI DIGIT EIGHT,꤈
Nd,U+A909,KAYAH LI DIGIT NINE,꤉
Nd,U+A9D0,JAVANESE DIGIT ZERO,꧐
Nd,U+A9D1,JAVANESE DIGIT ONE,꧑
Nd,U+A9D2,JAVANESE DIGIT TWO,꧒
Nd,U+A9D3,JAVANESE DIGIT THREE,꧓
Nd,U+A9D4,JAVANESE DIGIT FOUR,꧔
Nd,U+A9D5,JAVANESE DIGIT FIVE,꧕
Nd,U+A9D6,JAVANESE DIGIT SIX,꧖
Nd,U+A9D7,JAVANESE DIGIT SEVEN,꧗
Nd,U+A9D8,JAVANESE DIGIT EIGHT,꧘
Nd,U+A9D9,JAVANESE DIGIT NINE,꧙
Nd,U+A9F0,MYANMAR TAI LAING DIGIT ZERO,꧰
Nd,U+A9F1,MYANMAR TAI LAING DIGIT ONE,꧱
Nd,U+A9F2,MYANMAR TAI LAING DIGIT TWO,꧲
Nd,U+A9F3,MYANMAR TAI LAING DIGIT THREE,꧳
Nd,U+A9F4,MYANMAR TAI LAING DIGIT FOUR,꧴
Nd,U+A9F5,MYANMAR TAI LAING DIGIT FIVE,꧵
Nd,U+A9F6,MYANMAR TAI LAING DIGIT SIX,꧶
Nd,U+A9F7,MYANMAR TAI LAING DIGIT SEVEN,꧷
Nd,U+A9F8,MYANMAR TAI LAING DIGIT EIGHT,꧸
Nd,U+A9F9,MYANMAR TAI LAING DIGIT NINE,꧹
Nd,U+AA50,CHAM DIGIT ZERO,꩐
Nd,U+AA51,CHAM DIGIT ONE,꩑
Nd,U+AA52,CHAM DIGIT TWO,꩒
Nd,U+AA53,CHAM DIGIT THREE,꩓
Nd,U+AA54,CHAM DIGIT FOUR,꩔
Nd,U+AA55,CHAM DIGIT FIVE,꩕
Nd,U+AA56,CHAM DIGIT SIX,꩖
Nd,U+AA57,CHAM DIGIT SEVEN,꩗
Nd,U+AA58,CHAM DIGIT EIGHT,꩘
Nd,U+AA59,CHAM DIGIT NINE,꩙
Nd,U+ABF0,MEETEI MAYEK DIGIT ZERO,꯰
Nd,U+ABF1,MEETEI MAYEK DIGIT ONE,꯱
Nd,U+ABF2,MEETEI MAYEK DIGIT TWO,꯲
Nd,U+ABF3,MEETEI MAYEK DIGIT THREE,꯳
Nd,U+ABF4,MEETEI MAYEK DIGIT FOUR,꯴
Nd,U+ABF5,MEETEI MAYEK DIGIT FIVE,꯵
Nd,U+ABF6,MEETEI MAYEK DIGIT SIX,꯶
Nd,U+ABF7,MEETEI MAYEK DIGIT SEVEN,꯷
Nd,U+ABF8,MEETEI MAYEK DIGIT EIGHT,꯸
Nd,U+ABF9,MEETEI MAYEK DIGIT NINE,꯹
Nd,U+FF10,FULLWIDTH DIGIT ZERO,０
Nd,U+FF11,FULLWIDTH DIGIT ONE,１
Nd,U+FF12,FULLWIDTH DIGIT TWO,２
Nd,U+FF13,FULLWIDTH DIGIT THREE,３
Nd,U+FF14,FULLWIDTH DIGIT FOUR,４
Nd,U+FF15,FULLWIDTH DIGIT FIVE,５
Nd,U+FF16,FULLWIDTH DIGIT SIX,６
Nd,U+FF17,FULLWIDTH DIGIT SEVEN,７
Nd,U+FF18,FULLWIDTH DIGIT EIGHT,８
Nd,U+FF19,FULLWIDTH DIGIT NINE,９
Nd,U+104A0,OSMANYA DIGIT ZERO,𐒠
Nd,U+104A1,OSMANYA DIGIT ONE,𐒡
Nd,U+104A2,OSMANYA DIGIT TWO,𐒢
Nd,U+104A3,OSMANYA DIGIT THREE,𐒣
Nd,U+104A4,OSMANYA DIGIT FOUR,𐒤
Nd,U+104A5,OSMANYA DIGIT FIVE,𐒥
Nd,U+104A6,OSMANYA DIGIT SIX,𐒦
Nd,U+104A7,OSMANYA DIGIT SEVEN,𐒧
Nd,U+104A8,OSMANYA DIGIT EIGHT,𐒨
Nd,U+104A9,OSMANYA DIGIT NINE,𐒩
Nd,U+10D30,HANIFI ROHINGYA DIGIT ZERO,𐴰
Nd,U+10D31,HANIFI ROHINGYA DIGIT ONE,𐴱
Nd,U+10D32,HANIFI ROHINGYA DIGIT TWO,𐴲
Nd,U+10D33,HANIFI ROHINGYA DIGIT THREE,𐴳
Nd,U+10D34,HANIFI ROHINGYA DIGIT FOUR,𐴴
Nd,U+10D35,HANIFI ROHINGYA DIGIT FIVE,𐴵
Nd,U+10D36,HANIFI ROHINGYA DIGIT SIX,𐴶
Nd,U+10D37,HANIFI ROHINGYA DIGIT SEVEN,𐴷
Nd,U+10D38,HANIFI ROHINGYA DIGIT EIGHT,𐴸
Nd,U+10D39,HANIFI ROHINGYA DIGIT NINE,𐴹
Nd,U+11066,BRAHMI DIGIT ZERO,𑁦
Nd,U+11067,BRAHMI DIGIT ONE,𑁧
Nd,U+11068,BRAHMI DIGIT TWO,𑁨
Nd,U+11069,BRAHMI DIGIT THREE,𑁩
Nd,U+1106A,BRAHMI DIGIT FOUR,𑁪
Nd,U+1106B,BRAHMI DIGIT FIVE,𑁫
Nd,U+1106C,BRAHMI DIGIT SIX,𑁬
Nd,U+1106D,BRAHMI DIGIT SEVEN,𑁭
Nd,U+1106E,BRAHMI DIGIT EIGHT,𑁮
Nd,U+1106F,BRAHMI DIGIT NINE,𑁯
Nd,U+110F0,SORA SOMPENG DIGIT ZERO,𑃰
Nd,U+110F1,SORA SOMPENG DIGIT ONE,𑃱
Nd,U+110F2,SORA SOMPENG DIGIT TWO,𑃲
Nd,U+110F3,SORA SOMPENG DIGIT THREE,𑃳
Nd,U+110F4,SORA SOMPENG DIGIT FOUR,𑃴
Nd,U+110F5,SORA SOMPENG DIGIT FIVE,𑃵
Nd,U+110F6,SORA SOMPENG DIGIT SIX,𑃶
Nd,U+110F7,SORA SOMPENG DIGIT SEVEN,𑃷
Nd,U+110F8,SORA SOMPENG DIGIT EIGHT,𑃸
Nd,U+110F9,SORA SOMPENG DIGIT NINE,𑃹
Nd,U+11136,CHAKMA DIGIT ZERO,𑄶
Nd,U+11137,CHAKMA DIGIT ONE,𑄷
Nd,U+11138,CHAKMA DIGIT TWO,𑄸
Nd,U+11139,CHAKMA DIGIT THREE,𑄹
Nd,U+1113A,CHAKMA DIGIT FOUR,𑄺
Nd,U+1113B,CHAKMA DIGIT FIVE,𑄻
Nd,U+1113C,CHAKMA DIGIT SIX,𑄼
Nd,U+1113D,CHAKMA DIGIT SEVEN,𑄽
Nd,U+1113E,CHAKMA DIGIT EIGHT,𑄾
Nd,U+1113F,CHAKMA DIGIT NINE,𑄿
Nd,U+111D0,SHARADA DIGIT ZERO,𑇐
Nd,U+111D1,SHARADA DIGIT ONE,𑇑
Nd,U+111D2,SHARADA DIGIT TWO,𑇒
Nd,U+111D3,SHARADA DIGIT THREE,𑇓
Nd,U+111D4,SHARADA DIGIT FOUR,𑇔
Nd,U+111D5,SHARADA DIGIT FIVE,𑇕
Nd,U+111D6,SHARADA DIGIT SIX,𑇖
Nd,U+111D7,SHARADA DIGIT SEVEN,𑇗
Nd,U+111D8,SHARADA DIGIT EIGHT,𑇘
Nd,U+111D9,SHARADA DIGIT NINE,𑇙
Nd,U+112F0,KHUDAWADI DIGIT ZERO,𑋰
Nd,U+112F1,KHUDAWADI DIGIT ONE,𑋱
Nd,U+112F2,KHUDAWADI DIGIT TWO,𑋲
Nd,U+112F3,KHUDAWADI DIGIT THREE,𑋳
Nd,U+112F4,KHUDAWADI DIGIT FOUR,𑋴
Nd,U+112F5,KHUDAWADI DIGIT FIVE,𑋵
Nd,U+112F6,KHUDAWADI DIGIT SIX,𑋶
Nd,U+112F7,KHUDAWADI DIGIT SEVEN,𑋷
Nd,U+112F8,KHUDAWADI DIGIT EIGHT,𑋸
Nd,U+112F9,KHUDAWADI DIGIT NINE,𑋹
Nd,U+11450,NEWA DIGIT ZERO,𑑐
Nd,U+11451,NEWA DIGIT ONE,𑑑
Nd,U+11452,NEWA DIGIT TWO,𑑒
Nd,U+11453,NEWA DIGIT THREE,𑑓
Nd,U+11454,NEWA DIGIT FOUR,𑑔
Nd,U+11455,NEWA DIGIT FIVE,𑑕
Nd,U+11456,NEWA DIGIT SIX,𑑖
Nd,U+11457,NEWA DIGIT SEVEN,𑑗
Nd,U+11458,NEWA DIGIT EIGHT,𑑘
Nd,U+11459,NEWA DIGIT NINE,𑑙
Nd,U+114D0,TIRHUTA DIGIT ZERO,𑓐
Nd,U+114D1,TIRHUTA DIGIT ONE,𑓑
Nd,U+114D2,TIRHUTA DIGIT TWO,𑓒
Nd,U+114D3,TIRHUTA DIGIT THREE,𑓓
Nd,U+114D4,TIRHUTA DIGIT FOUR,𑓔
Nd,U+114D5,TIRHUTA DIGIT FIVE,𑓕
Nd,U+114D6,TIRHUTA DIGIT SIX,𑓖
Nd,U+114D7,TIRHUTA DIGIT SEVEN,𑓗
Nd,U+114D8,TIRHUTA DIGIT EIGHT,𑓘
Nd,U+114D9,TIRHUTA DIGIT NINE,𑓙
Nd,U+11650,MODI DIGIT ZERO,𑙐
Nd,U+11651,MODI DIGIT ONE,𑙑
Nd,U+11652,MODI DIGIT TWO,𑙒
Nd,U+11653,MODI DIGIT THREE,𑙓
Nd,U+11654,MODI DIGIT FOUR,𑙔
Nd,U+11655,MODI DIGIT FIVE,𑙕
Nd,U+11656,MODI DIGIT SIX,𑙖
Nd,U+11657,MODI DIGIT SEVEN,𑙗
Nd,U+11658,MODI DIGIT EIGHT,𑙘
Nd,U+11659,MODI DIGIT NINE,𑙙
Nd,U+116C0,TAKRI DIGIT ZERO,𑛀
Nd,U+116C1,TAKRI DIGIT ONE,𑛁
Nd,U+116C2,TAKRI DIGIT TWO,𑛂
Nd,U+116C3,TAKRI DIGIT THREE,𑛃
Nd,U+116C4,TAKRI DIGIT FOUR,𑛄
Nd,U+116C5,TAKRI DIGIT FIVE,𑛅
Nd,U+116C6,TAKRI DIGIT SIX,𑛆
Nd,U+116C7,TAKRI DIGIT SEVEN,𑛇
Nd,U+116C8,TAKRI DIGIT EIGHT,𑛈
Nd,U+116C9,TAKRI DIGIT NINE,𑛉
Nd,U+11730,AHOM DIGIT ZERO,𑜰
Nd,U+11731,AHOM DIGIT ONE,𑜱
Nd,U+11732,AHOM DIGIT TWO,𑜲
Nd,U+11733,AHOM DIGIT THREE,𑜳
Nd,U+11734,AHOM DIGIT FOUR,𑜴
Nd,U+11735,AHOM DIGIT FIVE,𑜵
Nd,U+11736,AHOM DIGIT SIX,𑜶
Nd,U+11737,AHOM DIGIT SEVEN,𑜷
Nd,U+11738,AHOM DIGIT EIGHT,𑜸
Nd,U+11739,AHOM DIGIT NINE,𑜹
Nd,U+118E0,WARANG CITI DIGIT ZERO,𑣠
Nd,U+118E1,WARANG CITI DIGIT ONE,𑣡
Nd,U+118E2,WARANG CITI DIGIT TWO,𑣢
Nd,U+118E3,WARANG CITI DIGIT THREE,𑣣
Nd,U+118E4,WARANG CITI DIGIT FOUR,𑣤
Nd,U+118E5,WARANG CITI DIGIT FIVE,𑣥
Nd,U+118E6,WARANG CITI DIGIT SIX,𑣦
Nd,U+118E7,WARANG CITI DIGIT SEVEN,𑣧
Nd,U+118E8,WARANG CITI DIGIT EIGHT,𑣨
Nd,U+118E9,WARANG CITI DIGIT NINE,𑣩
Nd,U+11C50,BHAIKSUKI DIGIT ZERO,𑱐
Nd,U+11C51,BHAIKSUKI DIGIT ONE,𑱑
Nd,U+11C52,BHAIKSUKI DIGIT TWO,𑱒
Nd,U+11C53,BHAIKSUKI DIGIT THREE,𑱓
Nd,U+11C54,BHAIKSUKI DIGIT FOUR,𑱔
Nd,U+11C55,BHAIKSUKI DIGIT FIVE,𑱕
Nd,U+11C56,BHAIKSUKI DIGIT SIX,𑱖
Nd,U+11C57,BHAIKSUKI DIGIT SEVEN,𑱗
Nd,U+11C58,BHAIKSUKI DIGIT EIGHT,𑱘
Nd,U+11C59,BHAIKSUKI DIGIT NINE,𑱙
Nd,U+11D50,MASARAM GONDI DIGIT ZERO,𑵐
Nd,U+11D51,MASARAM GONDI DIGIT ONE,𑵑
Nd,U+11D52,MASARAM GONDI DIGIT TWO,𑵒
Nd,U+11D53,MASARAM GONDI DIGIT THREE,𑵓
Nd,U+11D54,MASARAM GONDI DIGIT FOUR,𑵔
Nd,U+11D55,MASARAM GONDI DIGIT FIVE,𑵕
Nd,U+11D56,MASARAM GONDI DIGIT SIX,𑵖
Nd,U+11D57,MASARAM GONDI DIGIT SEVEN,𑵗
Nd,U+11D58,MASARAM GONDI DIGIT EIGHT,𑵘
Nd,U+11D59,MASARAM GONDI DIGIT NINE,𑵙
Nd,U+11DA0,GUNJALA GONDI DIGIT ZERO,𑶠
Nd,U+11DA1,GUNJALA GONDI DIGIT ONE,𑶡
Nd,U+11DA2,GUNJALA GONDI DIGIT TWO,𑶢
Nd,U+11DA3,GUNJALA GONDI DIGIT THREE,𑶣
Nd,U+11DA4,GUNJALA GONDI DIGIT FOUR,𑶤
Nd,U+11DA5,GUNJALA GONDI DIGIT FIVE,𑶥
Nd,U+11DA6,GUNJALA GONDI DIGIT SIX,𑶦
Nd,U+11DA7,GUNJALA GONDI DIGIT SEVEN,𑶧
Nd,U+11DA8,GUNJALA GONDI DIGIT EIGHT,𑶨
Nd,U+11DA9,GUNJALA GONDI DIGIT NINE,𑶩
Nd,U+16A60,MRO DIGIT ZERO,𖩠
Nd,U+16A61,MRO DIGIT ONE,𖩡
Nd,U+16A62,MRO DIGIT TWO,𖩢
Nd,U+16A63,MRO DIGIT THREE,𖩣
Nd,U+16A64,MRO DIGIT FOUR,𖩤
Nd,U+16A65,MRO DIGIT FIVE,𖩥
Nd,U+16A66,MRO DIGIT SIX,𖩦
Nd,U+16A67,MRO DIGIT SEVEN,𖩧
Nd,U+16A68,MRO DIGIT EIGHT,𖩨
Nd,U+16A69,MRO DIGIT NINE,𖩩
Nd,U+16B50,PAHAWH HMONG DIGIT ZERO,𖭐
Nd,U+16B51,PAHAWH HMONG DIGIT ONE,𖭑
Nd,U+16B52,PAHAWH HMONG DIGIT TWO,𖭒
Nd,U+16B53,PAHAWH HMONG DIGIT THREE,𖭓
Nd,U+16B54,PAHAWH HMONG DIGIT FOUR,𖭔
Nd,U+16B55,PAHAWH HMONG DIGIT FIVE,𖭕
Nd,U+16B56,PAHAWH HMONG DIGIT SIX,𖭖
Nd,U+16B57,PAHAWH HMONG DIGIT SEVEN,𖭗
Nd,U+16B58,PAHAWH HMONG DIGIT EIGHT,𖭘
Nd,U+16B59,PAHAWH HMONG DIGIT NINE,𖭙
Nd,U+1D7CE,MATHEMATICAL BOLD DIGIT ZERO,𝟎
Nd,U+1D7CF,MATHEMATICAL BOLD DIGIT ONE,𝟏
Nd,U+1D7D0,MATHEMATICAL BOLD DIGIT TWO,𝟐
Nd,U+1D7D1,MATHEMATICAL BOLD DIGIT THREE,𝟑
Nd,U+1D7D2,MATHEMATICAL BOLD DIGIT FOUR,𝟒
Nd,U+1D7D3,MATHEMATICAL BOLD DIGIT FIVE,𝟓
Nd,U+1D7D4,MATHEMATICAL BOLD DIGIT SIX,𝟔
Nd,U+1D7D5,MATHEMATICAL BOLD DIGIT SEVEN,𝟕
Nd,U+1D7D6,MATHEMATICAL BOLD DIGIT EIGHT,𝟖
Nd,U+1D7D7,MATHEMATICAL BOLD DIGIT NINE,𝟗
Nd,U+1D7D8,MATHEMATICAL DOUBLE-STRUCK DIGIT ZERO,𝟘
Nd,U+1D7D9,MATHEMATICAL DOUBLE-STRUCK DIGIT ONE,𝟙
Nd,U+1D7DA,MATHEMATICAL DOUBLE-STRUCK DIGIT TWO,𝟚
Nd,U+1D7DB,MATHEMATICAL DOUBLE-STRUCK DIGIT THREE,𝟛
Nd,U+1D7DC,MATHEMATICAL DOUBLE-STRUCK DIGIT FOUR,𝟜
Nd,U+1D7DD,MATHEMATICAL DOUBLE-STRUCK DIGIT FIVE,𝟝
Nd,U+1D7DE,MATHEMATICAL DOUBLE-STRUCK DIGIT SIX,𝟞
Nd,U+1D7DF,MATHEMATICAL DOUBLE-STRUCK DIGIT SEVEN,𝟟
Nd,U+1D7E0,MATHEMATICAL DOUBLE-STRUCK DIGIT EIGHT,𝟠
Nd,U+1D7E1,MATHEMATICAL DOUBLE-STRUCK DIGIT NINE,𝟡
Nd,U+1D7E2,MATHEMATICAL SANS-SERIF DIGIT ZERO,𝟢
Nd,U+1D7E3,MATHEMATICAL SANS-SERIF DIGIT ONE,𝟣
Nd,U+1D7E4,MATHEMATICAL SANS-SERIF DIGIT TWO,𝟤
Nd,U+1D7E5,MATHEMATICAL SANS-SERIF DIGIT THREE,𝟥
Nd,U+1D7E6,MATHEMATICAL SANS-SERIF DIGIT FOUR,𝟦
Nd,U+1D7E7,MATHEMATICAL SANS-SERIF DIGIT FIVE,𝟧
Nd,U+1D7E8,MATHEMATICAL SANS-SERIF DIGIT SIX,𝟨
Nd,U+1D7E9,MATHEMATICAL SANS-SERIF DIGIT SEVEN,𝟩
Nd,U+1D7EA,MATHEMATICAL SANS-SERIF DIGIT EIGHT,𝟪
Nd,U+1D7EB,MATHEMATICAL SANS-SERIF DIGIT NINE,𝟫
Nd,U+1D7EC,MATHEMATICAL SANS-SERIF BOLD DIGIT ZERO,𝟬
Nd,U+1D7ED,MATHEMATICAL SANS-SERIF BOLD DIGIT ONE,𝟭
Nd,U+1D7EE,MATHEMATICAL SANS-SERIF BOLD DIGIT TWO,𝟮
Nd,U+1D7EF,MATHEMATICAL SANS-SERIF BOLD DIGIT THREE,𝟯
Nd,U+1D7F0,MATHEMATICAL SANS-SERIF BOLD DIGIT FOUR,𝟰
Nd,U+1D7F1,MATHEMATICAL SANS-SERIF BOLD DIGIT FIVE,𝟱
Nd,U+1D7F2,MATHEMATICAL SANS-SERIF BOLD DIGIT SIX,𝟲
Nd,U+1D7F3,MATHEMATICAL SANS-SERIF BOLD DIGIT SEVEN,𝟳
Nd,U+1D7F4,MATHEMATICAL SANS-SERIF BOLD DIGIT EIGHT,𝟴
Nd,U+1D7F5,MATHEMATICAL SANS-SERIF BOLD DIGIT NINE,𝟵
Nd,U+1D7F6,MATHEMATICAL MONOSPACE DIGIT ZERO,𝟶
Nd,U+1D7F7,MATHEMATICAL MONOSPACE DIGIT ONE,𝟷
Nd,U+1D7F8,MATHEMATICAL MONOSPACE DIGIT TWO,𝟸
Nd,U+1D7F9,MATHEMATICAL MONOSPACE DIGIT THREE,𝟹
Nd,U+1D7FA,MATHEMATICAL MONOSPACE DIGIT FOUR,𝟺
Nd,U+1D7FB,MATHEMATICAL MONOSPACE DIGIT FIVE,𝟻
Nd,U+1D7FC,MATHEMATICAL MONOSPACE DIGIT SIX,𝟼
Nd,U+1D7FD,MATHEMATICAL MONOSPACE DIGIT SEVEN,𝟽
Nd,U+1D7FE,MATHEMATICAL MONOSPACE DIGIT EIGHT,𝟾
Nd,U+1D7FF,MATHEMATICAL MONOSPACE DIGIT NINE,𝟿
Nd,U+1E140,NYIAKENG PUACHUE HMONG DIGIT ZERO,𞅀
Nd,U+1E141,NYIAKENG PUACHUE HMONG DIGIT ONE,𞅁
Nd,U+1E142,NYIAKENG PUACHUE HMONG DIGIT TWO,𞅂
Nd,U+1E143,NYIAKENG PUACHUE HMONG DIGIT THREE,𞅃
Nd,U+1E144,NYIAKENG PUACHUE HMONG DIGIT FOUR,𞅄
Nd,U+1E145,NYIAKENG PUACHUE HMONG DIGIT FIVE,𞅅
Nd,U+1E146,NYIAKENG PUACHUE HMONG DIGIT SIX,𞅆
Nd,U+1E147,NYIAKENG PUACHUE HMONG DIGIT SEVEN,𞅇
Nd,U+1E148,NYIAKENG PUACHUE HMONG DIGIT EIGHT,𞅈
Nd,U+1E149,NYIAKENG PUACHUE HMONG DIGIT NINE,𞅉
Nd,U+1E2F0,WANCHO DIGIT ZERO,𞋰
Nd,U+1E2F1,WANCHO DIGIT ONE,𞋱
Nd,U+1E2F2,WANCHO DIGIT TWO,𞋲
Nd,U+1E2F3,WANCHO DIGIT THREE,𞋳
Nd,U+1E2F4,WANCHO DIGIT FOUR,𞋴
Nd,U+1E2F5,WANCHO DIGIT FIVE,𞋵
Nd,U+1E2F6,WANCHO DIGIT SIX,𞋶
Nd,U+1E2F7,WANCHO DIGIT SEVEN,𞋷
Nd,U+1E2F8,WANCHO DIGIT EIGHT,𞋸
Nd,U+1E2F9,WANCHO DIGIT NINE,𞋹
Nd,U+1E950,ADLAM DIGIT ZERO,𞥐
Nd,U+1E951,ADLAM DIGIT ONE,𞥑
Nd,U+1E952,ADLAM DIGIT TWO,𞥒
Nd,U+1E953,ADLAM DIGIT THREE,𞥓
Nd,U+1E954,ADLAM DIGIT FOUR,𞥔
Nd,U+1E955,ADLAM DIGIT FIVE,𞥕
Nd,U+1E956,ADLAM DIGIT SIX,𞥖
Nd,U+1E957,ADLAM DIGIT SEVEN,𞥗
Nd,U+1E958,ADLAM DIGIT EIGHT,𞥘
Nd,U+1E959,ADLAM DIGIT NINE,𞥙
Nl,U+16EE,RUNIC ARLAUG SYMBOL,ᛮ
Nl,U+16EF,RUNIC TVIMADUR SYMBOL,ᛯ
Nl,U+16F0,RUNIC BELGTHOR SYMBOL,ᛰ
Nl,U+2160,ROMAN NUMERAL ONE,Ⅰ
Nl,U+2161,ROMAN NUMERAL TWO,Ⅱ
Nl,U+2162,ROMAN NUMERAL THREE,Ⅲ
Nl,U+2163,ROMAN NUMERAL FOUR,Ⅳ
Nl,U+2164,ROMAN NUMERAL FIVE,Ⅴ
Nl,U+2165,ROMAN NUMERAL SIX,Ⅵ
Nl,U+2166,ROMAN NUMERAL SEVEN,Ⅶ
Nl,U+2167,ROMAN NUMERAL EIGHT,Ⅷ
Nl,U+2168,ROMAN NUMERAL NINE,Ⅸ
Nl,U+2169,ROMAN NUMERAL TEN,Ⅹ
Nl,U+216A,ROMAN NUMERAL ELEVEN,Ⅺ
Nl,U+216B,ROMAN NUMERAL TWELVE,Ⅻ
Nl,U+216C,ROMAN NUMERAL FIFTY,Ⅼ
Nl,U+216D,ROMAN NUMERAL ONE HUNDRED,Ⅽ
Nl,U+216E,ROMAN NUMERAL FIVE HUNDRED,Ⅾ
Nl,U+216F,ROMAN NUMERAL ONE THOUSAND,Ⅿ
Nl,U+2170,SMALL ROMAN NUMERAL ONE,ⅰ
Nl,U+2171,SMALL ROMAN NUMERAL TWO,ⅱ
Nl,U+2172,SMALL ROMAN NUMERAL THREE,ⅲ
Nl,U+2173,SMALL ROMAN NUMERAL FOUR,ⅳ
Nl,U+2174,SMALL ROMAN NUMERAL FIVE,ⅴ
Nl,U+2175,SMALL ROMAN NUMERAL SIX,ⅵ
Nl,U+2176,SMALL ROMAN NUMERAL SEVEN,ⅶ
Nl,U+2177,SMALL ROMAN NUMERAL EIGHT,ⅷ
Nl,U+2178,SMALL ROMAN NUMERAL NINE,ⅸ
Nl,U+2179,SMALL ROMAN NUMERAL TEN,ⅹ
Nl,U+217A,SMALL ROMAN NUMERAL ELEVEN,ⅺ
Nl,U+217B,SMALL ROMAN NUMERAL TWELVE,ⅻ
Nl,U+217C,SMALL ROMAN NUMERAL FIFTY,ⅼ
Nl,U+217D,SMALL ROMAN NUMERAL ONE HUNDRED,ⅽ
Nl,U+217E,SMALL ROMAN NUMERAL FIVE HUNDRED,ⅾ
Nl,U+217F,SMALL ROMAN NUMERAL ONE THOUSAND,ⅿ
Nl,U+2180,ROMAN NUMERAL ONE THOUSAND C D,ↀ
Nl,U+2181,ROMAN NUMERAL FIVE THOUSAND,ↁ
Nl,U+2182,ROMAN NUMERAL TEN THOUSAND,ↂ
Nl,U+2185,ROMAN NUMERAL SIX LATE FORM,ↅ
Nl,U+2186,ROMAN NUMERAL FIFTY EARLY FORM,ↆ
Nl,U+2187,ROMAN NUMERAL FIFTY THOUSAND,ↇ
Nl,U+2188,ROMAN NUMERAL ONE HUNDRED THOUSAND,ↈ
Nl,U+3007,IDEOGRAPHIC NUMBER ZERO,〇
Nl,U+3021,HANGZHOU NUMERAL ONE,〡
Nl,U+3022,HANGZHOU NUMERAL TWO,〢
Nl,U+3023,HANGZHOU NUMERAL THREE,〣
Nl,U+3024,HANGZHOU NUMERAL FOUR,〤
Nl,U+3025,HANGZHOU NUMERAL FIVE,〥
Nl,U+3026,HANGZHOU NUMERAL SIX,〦
Nl,U+3027,HANGZHOU NUMERAL SEVEN,〧
Nl,U+3028,HANGZHOU NUMERAL EIGHT,〨
Nl,U+3029,HANGZHOU NUMERAL NINE,〩
Nl,U+3038,HANGZHOU NUMERAL TEN,〸
Nl,U+3039,HANGZHOU NUMERAL TWENTY,〹
Nl,U+303A,HANGZHOU NUMERAL THIRTY,〺
Nl,U+A6E6,BAMUM LETTER MO,ꛦ
Nl,U+A6E7,BAMUM LETTER MBAA,ꛧ
Nl,U+A6E8,BAMUM LETTER TET,ꛨ
Nl,U+A6E9,BAMUM LETTER KPA,ꛩ
Nl,U+A6EA,BAMUM LETTER TEN,ꛪ
Nl,U+A6EB,BAMUM LETTER NTUU,ꛫ
Nl,U+A6EC,BAMUM LETTER SAMBA,ꛬ
Nl,U+A6ED,BAMUM LETTER FAAMAE,ꛭ
Nl,U+A6EE,BAMUM LETTER KOVUU,ꛮ
Nl,U+A6EF,BAMUM LETTER KOGHOM,ꛯ
Nl,U+10140,GREEK ACROPHONIC ATTIC ONE QUARTER,𐅀
Nl,U+10141,GREEK ACROPHONIC ATTIC ONE HALF,𐅁
Nl,U+10142,GREEK ACROPHONIC ATTIC ONE DRACHMA,𐅂
Nl,U+10143,GREEK ACROPHONIC ATTIC FIVE,𐅃
Nl,U+10144,GREEK ACROPHONIC ATTIC FIFTY,𐅄
Nl,U+10145,GREEK ACROPHONIC ATTIC FIVE HUNDRED,𐅅
Nl,U+10146,GREEK ACROPHONIC ATTIC FIVE THOUSAND,𐅆
Nl,U+10147,GREEK ACROPHONIC ATTIC FIFTY THOUSAND,𐅇
Nl,U+10148,GREEK ACROPHONIC ATTIC FIVE TALENTS,𐅈
Nl,U+10149,GREEK ACROPHONIC ATTIC TEN TALENTS,𐅉
Nl,U+1014A,GREEK ACROPHONIC ATTIC FIFTY TALENTS,𐅊
Nl,U+1014B,GREEK ACROPHONIC ATTIC ONE HUNDRED TALENTS,𐅋
Nl,U+1014C,GREEK ACROPHONIC ATTIC FIVE HUNDRED TALENTS,𐅌
Nl,U+1014D,GREEK ACROPHONIC ATTIC ONE THOUSAND TALENTS,𐅍
Nl,U+1014E,GREEK ACROPHONIC ATTIC FIVE THOUSAND TALENTS,𐅎
Nl,U+1014F,GREEK ACROPHONIC ATTIC FIVE STATERS,𐅏
Nl,U+10150,GREEK ACROPHONIC ATTIC TEN STATERS,𐅐
Nl,U+10151,GREEK ACROPHONIC ATTIC FIFTY STATERS,𐅑
Nl,U+10152,GREEK ACROPHONIC ATTIC ONE HUNDRED STATERS,𐅒
Nl,U+10153,GREEK ACROPHONIC ATTIC FIVE HUNDRED STATERS,𐅓
Nl,U+10154,GREEK ACROPHONIC ATTIC ONE THOUSAND STATERS,𐅔
Nl,U+10155,GREEK ACROPHONIC ATTIC TEN THOUSAND STATERS,𐅕
Nl,U+10156,GREEK ACROPHONIC ATTIC FIFTY THOUSAND STATERS,𐅖
Nl,U+10157,GREEK ACROPHONIC ATTIC TEN MNAS,𐅗
Nl,U+10158,GREEK ACROPHONIC HERAEUM ONE PLETHRON,𐅘
Nl,U+10159,GREEK ACROPHONIC THESPIAN ONE,𐅙
Nl,U+1015A,GREEK ACROPHONIC HERMIONIAN ONE,𐅚
Nl,U+1015B,GREEK ACROPHONIC EPIDAUREAN TWO,𐅛
Nl,U+1015C,GREEK ACROPHONIC THESPIAN TWO,𐅜
Nl,U+1015D,GREEK ACROPHONIC CYRENAIC TWO DRACHMAS,𐅝
Nl,U+1015E,GREEK ACROPHONIC EPIDAUREAN TWO DRACHMAS,𐅞
Nl,U+1015F,GREEK ACROPHONIC TROEZENIAN FIVE,𐅟
Nl,U+10160,GREEK ACROPHONIC TROEZENIAN TEN,𐅠
Nl,U+10161,GREEK ACROPHONIC TROEZENIAN TEN ALTERNATE FORM,𐅡
Nl,U+10162,GREEK ACROPHONIC HERMIONIAN TEN,𐅢
Nl,U+10163,GREEK ACROPHONIC MESSENIAN TEN,𐅣
Nl,U+10164,GREEK ACROPHONIC THESPIAN TEN,𐅤
Nl,U+10165,GREEK ACROPHONIC THESPIAN THIRTY,𐅥
Nl,U+10166,GREEK ACROPHONIC TROEZENIAN FIFTY,𐅦
Nl,U+10167,GREEK ACROPHONIC TROEZENIAN FIFTY ALTERNATE FORM,𐅧
Nl,U+10168,GREEK ACROPHONIC HERMIONIAN FIFTY,𐅨
Nl,U+10169,GREEK ACROPHONIC THESPIAN FIFTY,𐅩
Nl,U+1016A,GREEK ACROPHONIC THESPIAN ONE HUNDRED,𐅪
Nl,U+1016B,GREEK ACROPHONIC THESPIAN THREE HUNDRED,𐅫
Nl,U+1016C,GREEK ACROPHONIC EPIDAUREAN FIVE HUNDRED,𐅬
Nl,U+1016D,GREEK ACROPHONIC TROEZENIAN FIVE HUNDRED,𐅭
Nl,U+1016E,GREEK ACROPHONIC THESPIAN FIVE HUNDRED,𐅮
Nl,U+1016F,GREEK ACROPHONIC CARYSTIAN FIVE HUNDRED,𐅯
Nl,U+10170,GREEK ACROPHONIC NAXIAN FIVE HUNDRED,𐅰
Nl,U+10171,GREEK ACROPHONIC THESPIAN ONE THOUSAND,𐅱
Nl,U+10172,GREEK ACROPHONIC THESPIAN FIVE THOUSAND,𐅲
Nl,U+10173,GREEK ACROPHONIC DELPHIC FIVE MNAS,𐅳
Nl,U+10174,GREEK ACROPHONIC STRATIAN FIFTY MNAS,𐅴
Nl,U+10341,GOTHIC LETTER NINETY,𐍁
Nl,U+1034A,GOTHIC LETTER NINE HUNDRED,𐍊
Nl,U+103D1,OLD PERSIAN NUMBER ONE,𐏑
Nl,U+103D2,OLD PERSIAN NUMBER TWO,𐏒
Nl,U+103D3,OLD PERSIAN NUMBER TEN,𐏓
Nl,U+103D4,OLD PERSIAN NUMBER TWENTY,𐏔
Nl,U+103D5,OLD PERSIAN NUMBER HUNDRED,𐏕
Nl,U+12400,CUNEIFORM NUMERIC SIGN TWO ASH,𒐀
Nl,U+12401,CUNEIFORM NUMERIC SIGN THREE ASH,𒐁
Nl,U+12402,CUNEIFORM NUMERIC SIGN FOUR ASH,𒐂
Nl,U+12403,CUNEIFORM NUMERIC SIGN FIVE ASH,𒐃
Nl,U+12404,CUNEIFORM NUMERIC SIGN SIX ASH,𒐄
Nl,U+12405,CUNEIFORM NUMERIC SIGN SEVEN ASH,𒐅
Nl,U+12406,CUNEIFORM NUMERIC SIGN EIGHT ASH,𒐆
Nl,U+12407,CUNEIFORM NUMERIC SIGN NINE ASH,𒐇
Nl,U+12408,CUNEIFORM NUMERIC SIGN THREE DISH,𒐈
Nl,U+12409,CUNEIFORM NUMERIC SIGN FOUR DISH,𒐉
Nl,U+1240A,CUNEIFORM NUMERIC SIGN FIVE DISH,𒐊
Nl,U+1240B,CUNEIFORM NUMERIC SIGN SIX DISH,𒐋
Nl,U+1240C,CUNEIFORM NUMERIC SIGN SEVEN DISH,𒐌
Nl,U+1240D,CUNEIFORM NUMERIC SIGN EIGHT DISH,𒐍
Nl,U+1240E,CUNEIFORM NUMERIC SIGN NINE DISH,𒐎
Nl,U+1240F,CUNEIFORM NUMERIC SIGN FOUR U,𒐏
Nl,U+12410,CUNEIFORM NUMERIC SIGN FIVE U,𒐐
Nl,U+12411,CUNEIFORM NUMERIC SIGN SIX U,𒐑
Nl,U+12412,CUNEIFORM NUMERIC SIGN SEVEN U,𒐒
Nl,U+12413,CUNEIFORM NUMERIC SIGN EIGHT U,𒐓
Nl,U+12414,CUNEIFORM NUMERIC SIGN NINE U,𒐔
Nl,U+12415,CUNEIFORM NUMERIC SIGN ONE GESH2,𒐕
Nl,U+12416,CUNEIFORM NUMERIC SIGN TWO GESH2,𒐖
Nl,U+12417,CUNEIFORM NUMERIC SIGN THREE GESH2,𒐗
Nl,U+12418,CUNEIFORM NUMERIC SIGN FOUR GESH2,𒐘
Nl,U+12419,CUNEIFORM NUMERIC SIGN FIVE GESH2,𒐙
Nl,U+1241A,CUNEIFORM NUMERIC SIGN SIX GESH2,𒐚
Nl,U+1241B,CUNEIFORM NUMERIC SIGN SEVEN GESH2,𒐛
Nl,U+1241C,CUNEIFORM NUMERIC SIGN EIGHT GESH2,𒐜
Nl,U+1241D,CUNEIFORM NUMERIC SIGN NINE GESH2,𒐝
Nl,U+1241E,CUNEIFORM NUMERIC SIGN ONE GESHU,𒐞
Nl,U+1241F,CUNEIFORM NUMERIC SIGN TWO GESHU,𒐟
Nl,U+12420,CUNEIFORM NUMERIC SIGN THREE GESHU,𒐠
Nl,U+12421,CUNEIFORM NUMERIC SIGN FOUR GESHU,𒐡
Nl,U+12422,CUNEIFORM NUMERIC SIGN FIVE GESHU,𒐢
Nl,U+12423,CUNEIFORM NUMERIC SIGN TWO SHAR2,𒐣
Nl,U+12424,CUNEIFORM NUMERIC SIGN THREE SHAR2,𒐤
Nl,U+12425,CUNEIFORM NUMERIC SIGN THREE SHAR2 VARIANT FORM,𒐥
Nl,U+12426,CUNEIFORM NUMERIC SIGN FOUR SHAR2,𒐦
Nl,U+12427,CUNEIFORM NUMERIC SIGN FIVE SHAR2,𒐧
Nl,U+12428,CUNEIFORM NUMERIC SIGN SIX SHAR2,𒐨
Nl,U+12429,CUNEIFORM NUMERIC SIGN SEVEN SHAR2,𒐩
Nl,U+1242A,CUNEIFORM NUMERIC SIGN EIGHT SHAR2,𒐪
Nl,U+1242B,CUNEIFORM NUMERIC SIGN NINE SHAR2,𒐫
Nl,U+1242C,CUNEIFORM NUMERIC SIGN ONE SHARU,𒐬
Nl,U+1242D,CUNEIFORM NUMERIC SIGN TWO SHARU,𒐭
Nl,U+1242E,CUNEIFORM NUMERIC SIGN THREE SHARU,𒐮
Nl,U+1242F,CUNEIFORM NUMERIC SIGN THREE SHARU VARIANT FORM,𒐯
Nl,U+12430,CUNEIFORM NUMERIC SIGN FOUR SHARU,𒐰
Nl,U+12431,CUNEIFORM NUMERIC SIGN FIVE SHARU,𒐱
Nl,U+12432,CUNEIFORM NUMERIC SIGN SHAR2 TIMES GAL PLUS DISH,𒐲
Nl,U+12433,CUNEIFORM NUMERIC SIGN SHAR2 TIMES GAL PLUS MIN,𒐳
Nl,U+12434,CUNEIFORM NUMERIC SIGN ONE BURU,𒐴
Nl,U+12435,CUNEIFORM NUMERIC SIGN TWO BURU,𒐵
Nl,U+12436,CUNEIFORM NUMERIC SIGN THREE BURU,𒐶
Nl,U+12437,CUNEIFORM NUMERIC SIGN THREE BURU VARIANT FORM,𒐷
Nl,U+12438,CUNEIFORM NUMERIC SIGN FOUR BURU,𒐸
Nl,U+12439,CUNEIFORM NUMERIC SIGN FIVE BURU,𒐹
Nl,U+1243A,CUNEIFORM NUMERIC SIGN THREE VARIANT FORM ESH16,𒐺
Nl,U+1243B,CUNEIFORM NUMERIC SIGN THREE VARIANT FORM ESH21,𒐻
Nl,U+1243C,CUNEIFORM NUMERIC SIGN FOUR VARIANT FORM LIMMU,𒐼
Nl,U+1243D,CUNEIFORM NUMERIC SIGN FOUR VARIANT FORM LIMMU4,𒐽
Nl,U+1243E,CUNEIFORM NUMERIC SIGN FOUR VARIANT FORM LIMMU A,𒐾
Nl,U+1243F,CUNEIFORM NUMERIC SIGN FOUR VARIANT FORM LIMMU B,𒐿
Nl,U+12440,CUNEIFORM NUMERIC SIGN SIX VARIANT FORM ASH9,𒑀
Nl,U+12441,CUNEIFORM NUMERIC SIGN SEVEN VARIANT FORM IMIN3,𒑁
Nl,U+12442,CUNEIFORM NUMERIC SIGN SEVEN VARIANT FORM IMIN A,𒑂
Nl,U+12443,CUNEIFORM NUMERIC SIGN SEVEN VARIANT FORM IMIN B,𒑃
Nl,U+12444,CUNEIFORM NUMERIC SIGN EIGHT VARIANT FORM USSU,𒑄
Nl,U+12445,CUNEIFORM NUMERIC SIGN EIGHT VARIANT FORM USSU3,𒑅
Nl,U+12446,CUNEIFORM NUMERIC SIGN NINE VARIANT FORM ILIMMU,𒑆
Nl,U+12447,CUNEIFORM NUMERIC SIGN NINE VARIANT FORM ILIMMU3,𒑇
Nl,U+12448,CUNEIFORM NUMERIC SIGN NINE VARIANT FORM ILIMMU4,𒑈
Nl,U+12449,CUNEIFORM NUMERIC SIGN NINE VARIANT FORM ILIMMU A,𒑉
Nl,U+1244A,CUNEIFORM NUMERIC SIGN TWO ASH TENU,𒑊
Nl,U+1244B,CUNEIFORM NUMERIC SIGN THREE ASH TENU,𒑋
Nl,U+1244C,CUNEIFORM NUMERIC SIGN FOUR ASH TENU,𒑌
Nl,U+1244D,CUNEIFORM NUMERIC SIGN FIVE ASH TENU,𒑍
Nl,U+1244E,CUNEIFORM NUMERIC SIGN SIX ASH TENU,𒑎
Nl,U+1244F,CUNEIFORM NUMERIC SIGN ONE BAN2,𒑏
Nl,U+12450,CUNEIFORM NUMERIC SIGN TWO BAN2,𒑐
Nl,U+12451,CUNEIFORM NUMERIC SIGN THREE BAN2,𒑑
Nl,U+12452,CUNEIFORM NUMERIC SIGN FOUR BAN2,𒑒
Nl,U+12453,CUNEIFORM NUMERIC SIGN FOUR BAN2 VARIANT FORM,𒑓
Nl,U+12454,CUNEIFORM NUMERIC SIGN FIVE BAN2,𒑔
Nl,U+12455,CUNEIFORM NUMERIC SIGN FIVE BAN2 VARIANT FORM,𒑕
Nl,U+12456,CUNEIFORM NUMERIC SIGN NIGIDAMIN,𒑖
Nl,U+12457,CUNEIFORM NUMERIC SIGN NIGIDAESH,𒑗
Nl,U+12458,CUNEIFORM NUMERIC SIGN ONE ESHE3,𒑘
Nl,U+12459,CUNEIFORM NUMERIC SIGN TWO ESHE3,𒑙
Nl,U+1245A,CUNEIFORM NUMERIC SIGN ONE THIRD DISH,𒑚
Nl,U+1245B,CUNEIFORM NUMERIC SIGN TWO THIRDS DISH,𒑛
Nl,U+1245C,CUNEIFORM NUMERIC SIGN FIVE SIXTHS DISH,𒑜
Nl,U+1245D,CUNEIFORM NUMERIC SIGN ONE THIRD VARIANT FORM A,𒑝
Nl,U+1245E,CUNEIFORM NUMERIC SIGN TWO THIRDS VARIANT FORM A,𒑞
Nl,U+1245F,CUNEIFORM NUMERIC SIGN ONE EIGHTH ASH,𒑟
Nl,U+12460,CUNEIFORM NUMERIC SIGN ONE QUARTER ASH,𒑠
Nl,U+12461,CUNEIFORM NUMERIC SIGN OLD ASSYRIAN ONE SIXTH,𒑡
Nl,U+12462,CUNEIFORM NUMERIC SIGN OLD ASSYRIAN ONE QUARTER,𒑢
Nl,U+12463,CUNEIFORM NUMERIC SIGN ONE QUARTER GUR,𒑣
Nl,U+12464,CUNEIFORM NUMERIC SIGN ONE HALF GUR,𒑤
Nl,U+12465,CUNEIFORM NUMERIC SIGN ELAMITE ONE THIRD,𒑥
Nl,U+12466,CUNEIFORM NUMERIC SIGN ELAMITE TWO THIRDS,𒑦
Nl,U+12467,CUNEIFORM NUMERIC SIGN ELAMITE FORTY,𒑧
Nl,U+12468,CUNEIFORM NUMERIC SIGN ELAMITE FIFTY,𒑨
Nl,U+12469,CUNEIFORM NUMERIC SIGN FOUR U VARIANT FORM,𒑩
Nl,U+1246A,CUNEIFORM NUMERIC SIGN FIVE U VARIANT FORM,𒑪
Nl,U+1246B,CUNEIFORM NUMERIC SIGN SIX U VARIANT FORM,𒑫
Nl,U+1246C,CUNEIFORM NUMERIC SIGN SEVEN U VARIANT FORM,𒑬
Nl,U+1246D,CUNEIFORM NUMERIC SIGN EIGHT U VARIANT FORM,𒑭
Nl,U+1246E,CUNEIFORM NUMERIC SIGN NINE U VARIANT FORM,𒑮
No,U+00B2,SUPERSCRIPT TWO,²
No,U+00B3,SUPERSCRIPT THREE,³
No,U+00B9,SUPERSCRIPT ONE,¹
No,U+00BC,VULGAR FRACTION ONE QUARTER,¼
No,U+00BD,VULGAR FRACTION ONE HALF,½
No,U+00BE,VULGAR FRACTION THREE QUARTERS,¾
No,U+09F4,BENGALI CURRENCY NUMERATOR ONE,৴
No,U+09F5,BENGALI CURRENCY NUMERATOR TWO,৵
No,U+09F6,BENGALI CURRENCY NUMERATOR THREE,৶
No,U+09F7,BENGALI CURRENCY NUMERATOR FOUR,৷
No,U+09F8,BENGALI CURRENCY NUMERATOR ONE LESS THAN THE DENOMINATOR,৸
No,U+09F9,BENGALI CURRENCY DENOMINATOR SIXTEEN,৹
No,U+0B72,ORIYA FRACTION ONE QUARTER,୲
No,U+0B73,ORIYA FRACTION ONE HALF,୳
No,U+0B74,ORIYA FRACTION THREE QUARTERS,୴
No,U+0B75,ORIYA FRACTION ONE SIXTEENTH,୵
No,U+0B76,ORIYA FRACTION ONE EIGHTH,୶
No,U+0B77,ORIYA FRACTION THREE SIXTEENTHS,୷
No,U+0BF0,TAMIL NUMBER TEN,௰
No,U+0BF1,TAMIL NUMBER ONE HUNDRED,௱
No,U+0BF2,TAMIL NUMBER ONE THOUSAND,௲
No,U+0C78,TELUGU FRACTION DIGIT ZERO FOR ODD POWERS OF FOUR,౸
No,U+0C79,TELUGU FRACTION DIGIT ONE FOR ODD POWERS OF FOUR,౹
No,U+0C7A,TELUGU FRACTION DIGIT TWO FOR ODD POWERS OF FOUR,౺
No,U+0C7B,TELUGU FRACTION DIGIT THREE FOR ODD POWERS OF FOUR,౻
No,U+0C7C,TELUGU FRACTION DIGIT ONE FOR EVEN POWERS OF FOUR,౼
No,U+0C7D,TELUGU FRACTION DIGIT TWO FOR EVEN POWERS OF FOUR,౽
No,U+0C7E,TELUGU FRACTION DIGIT THREE FOR EVEN POWERS OF FOUR,౾
No,U+0D58,MALAYALAM FRACTION ONE ONE-HUNDRED-AND-SIXTIETH,൘
No,U+0D59,MALAYALAM FRACTION ONE FORTIETH,൙
No,U+0D5A,MALAYALAM FRACTION THREE EIGHTIETHS,൚
No,U+0D5B,MALAYALAM FRACTION ONE TWENTIETH,൛
No,U+0D5C,MALAYALAM FRACTION ONE TENTH,൜
No,U+0D5D,MALAYALAM FRACTION THREE TWENTIETHS,൝
No,U+0D5E,MALAYALAM FRACTION ONE FIFTH,൞
No,U+0D70,MALAYALAM NUMBER TEN,൰
No,U+0D71,MALAYALAM NUMBER ONE HUNDRED,൱
No,U+0D72,MALAYALAM NUMBER ONE THOUSAND,൲
No,U+0D73,MALAYALAM FRACTION ONE QUARTER,൳
No,U+0D74,MALAYALAM FRACTION ONE HALF,൴
No,U+0D75,MALAYALAM FRACTION THREE QUARTERS,൵
No,U+0D76,MALAYALAM FRACTION ONE SIXTEENTH,൶
No,U+0D77,MALAYALAM FRACTION ONE EIGHTH,൷
No,U+0D78,MALAYALAM FRACTION THREE SIXTEENTHS,൸
No,U+0F2A,TIBETAN DIGIT HALF ONE,༪
No,U+0F2B,TIBETAN DIGIT HALF TWO,༫
No,U+0F2C,TIBETAN DIGIT HALF THREE,༬
No,U+0F2D,TIBETAN DIGIT HALF FOUR,༭
No,U+0F2E,TIBETAN DIGIT HALF FIVE,༮
No,U+0F2F,TIBETAN DIGIT HALF SIX,༯
No,U+0F30,TIBETAN DIGIT HALF SEVEN,༰
No,U+0F31,TIBETAN DIGIT HALF EIGHT,༱
No,U+0F32,TIBETAN DIGIT HALF NINE,༲
No,U+0F33,TIBETAN DIGIT HALF ZERO,༳
No,U+1369,ETHIOPIC DIGIT ONE,፩
No,U+136A,ETHIOPIC DIGIT TWO,፪
No,U+136B,ETHIOPIC DIGIT THREE,፫
No,U+136C,ETHIOPIC DIGIT FOUR,፬
No,U+136D,ETHIOPIC DIGIT FIVE,፭
No,U+136E,ETHIOPIC DIGIT SIX,፮
No,U+136F,ETHIOPIC DIGIT SEVEN,፯
No,U+1370,ETHIOPIC DIGIT EIGHT,፰
No,U+1371,ETHIOPIC DIGIT NINE,፱
No,U+1372,ETHIOPIC NUMBER TEN,፲
No,U+1373,ETHIOPIC NUMBER TWENTY,፳
No,U+1374,ETHIOPIC NUMBER THIRTY,፴
No,U+1375,ETHIOPIC NUMBER FORTY,፵
No,U+1376,ETHIOPIC NUMBER FIFTY,፶
No,U+1377,ETHIOPIC NUMBER SIXTY,፷
No,U+1378,ETHIOPIC NUMBER SEVENTY,፸
No,U+1379,ETHIOPIC NUMBER EIGHTY,፹
No,U+137A,ETHIOPIC NUMBER NINETY,፺
No,U+137B,ETHIOPIC NUMBER HUNDRED,፻
No,U+137C,ETHIOPIC NUMBER TEN THOUSAND,፼
No,U+17F0,KHMER SYMBOL LEK ATTAK SON,៰
No,U+17F1,KHMER SYMBOL LEK ATTAK MUOY,៱
No,U+17F2,KHMER SYMBOL LEK ATTAK PII,៲
No,U+17F3,KHMER SYMBOL LEK ATTAK BEI,៳
No,U+17F4,KHMER SYMBOL LEK ATTAK BUON,៴
No,U+17F5,KHMER SYMBOL LEK ATTAK PRAM,៵
No,U+17F6,KHMER SYMBOL LEK ATTAK PRAM-MUOY,៶
No,U+17F7,KHMER SYMBOL LEK ATTAK PRAM-PII,៷
No,U+17F8,KHMER SYMBOL LEK ATTAK PRAM-BEI,៸
No,U+17F9,KHMER SYMBOL LEK ATTAK PRAM-BUON,៹
No,U+19DA,NEW TAI LUE THAM DIGIT ONE,᧚
No,U+2070,SUPERSCRIPT ZERO,⁰
No,U+2074,SUPERSCRIPT FOUR,⁴
No,U+2075,SUPERSCRIPT FIVE,⁵
No,U+2076,SUPERSCRIPT SIX,⁶
No,U+2077,SUPERSCRIPT SEVEN,⁷
No,U+2078,SUPERSCRIPT EIGHT,⁸
No,U+2079,SUPERSCRIPT NINE,⁹
No,U+2080,SUBSCRIPT ZERO,₀
No,U+2081,SUBSCRIPT ONE,₁
No,U+2082,SUBSCRIPT TWO,₂
No,U+2083,SUBSCRIPT THREE,₃
No,U+2084,SUBSCRIPT FOUR,₄
No,U+2085,SUBSCRIPT FIVE,₅
No,U+2086,SUBSCRIPT SIX,₆
No,U+2087,SUBSCRIPT SEVEN,₇
No,U+2088,SUBSCRIPT EIGHT,₈
No,U+2089,SUBSCRIPT NINE,₉
No,U+2150,VULGAR FRACTION ONE SEVENTH,⅐
No,U+2151,VULGAR FRACTION ONE NINTH,⅑
No,U+2152,VULGAR FRACTION ONE TENTH,⅒
No,U+2153,VULGAR FRACTION ONE THIRD,⅓
No,U+2154,VULGAR FRACTION TWO THIRDS,⅔
No,U+2155,VULGAR FRACTION ONE FIFTH,⅕
No,U+2156,VULGAR FRACTION TWO FIFTHS,⅖
No,U+2157,VULGAR FRACTION THREE FIFTHS,⅗
No,U+2158,VULGAR FRACTION FOUR FIFTHS,⅘
No,U+2159,VULGAR FRACTION ONE SIXTH,⅙
No,U+215A,VULGAR FRACTION FIVE SIXTHS,⅚
No,U+215B,VULGAR FRACTION ONE EIGHTH,⅛
No,U+215C,VULGAR FRACTION THREE EIGHTHS,⅜
No,U+215D,VULGAR FRACTION FIVE EIGHTHS,⅝
No,U+215E,VULGAR FRACTION SEVEN EIGHTHS,⅞
No,U+215F,FRACTION NUMERATOR ONE,⅟
No,U+2189,VULGAR FRACTION ZERO THIRDS,↉
No,U+2460,CIRCLED DIGIT ONE,①
No,U+2461,CIRCLED DIGIT TWO,②
No,U+2462,CIRCLED DIGIT THREE,③
No,U+2463,CIRCLED DIGIT FOUR,④
No,U+2464,CIRCLED DIGIT FIVE,⑤
No,U+2465,CIRCLED DIGIT SIX,⑥
No,U+2466,CIRCLED DIGIT SEVEN,⑦
No,U+2467,CIRCLED DIGIT EIGHT,⑧
No,U+2468,CIRCLED DIGIT NINE,⑨
No,U+2469,CIRCLED NUMBER TEN,⑩
No,U+246A,CIRCLED NUMBER ELEVEN,⑪
No,U+246B,CIRCLED NUMBER TWELVE,⑫
No,U+246C,CIRCLED NUMBER THIRTEEN,⑬
No,U+246D,CIRCLED NUMBER FOURTEEN,⑭
No,U+246E,CIRCLED NUMBER FIFTEEN,⑮
No,U+246F,CIRCLED NUMBER SIXTEEN,⑯
No,U+2470,CIRCLED NUMBER SEVENTEEN,⑰
No,U+2471,CIRCLED NUMBER EIGHTEEN,⑱
No,U+2472,CIRCLED NUMBER NINETEEN,⑲
No,U+2473,CIRCLED NUMBER TWENTY,⑳
No,U+2474,PARENTHESIZED DIGIT ONE,⑴
No,U+2475,PARENTHESIZED DIGIT TWO,⑵
No,U+2476,PARENTHESIZED DIGIT THREE,⑶
No,U+2477,PARENTHESIZED DIGIT FOUR,⑷
No,U+2478,PARENTHESIZED DIGIT FIVE,⑸
No,U+2479,PARENTHESIZED DIGIT SIX,⑹
No,U+247A,PARENTHESIZED DIGIT SEVEN,⑺
No,U+247B,PARENTHESIZED DIGIT EIGHT,⑻
No,U+247C,PARENTHESIZED DIGIT NINE,⑼
No,U+247D,PARENTHESIZED NUMBER TEN,⑽
No,U+247E,PARENTHESIZED NUMBER ELEVEN,⑾
No,U+247F,PARENTHESIZED NUMBER TWELVE,⑿
No,U+2480,PARENTHESIZED NUMBER THIRTEEN,⒀
No,U+2481,PARENTHESIZED NUMBER FOURTEEN,⒁
No,U+2482,PARENTHESIZED NUMBER FIFTEEN,⒂
No,U+2483,PARENTHESIZED NUMBER SIXTEEN,⒃
No,U+2484,PARENTHESIZED NUMBER SEVENTEEN,⒄
No,U+2485,PARENTHESIZED NUMBER EIGHTEEN,⒅
No,U+2486,PARENTHESIZED NUMBER NINETEEN,⒆
No,U+2487,PARENTHESIZED NUMBER TWENTY,⒇
No,U+2488,DIGIT ONE FULL STOP,⒈
No,U+2489,DIGIT TWO FULL STOP,⒉
No,U+248A,DIGIT THREE FULL STOP,⒊
No,U+248B,DIGIT FOUR FULL STOP,⒋
No,U+248C,DIGIT FIVE FULL STOP,⒌
No,U+248D,DIGIT SIX FULL STOP,⒍
No,U+248E,DIGIT SEVEN FULL STOP,⒎
No,U+248F,DIGIT EIGHT FULL STOP,⒏
No,U+2490,DIGIT NINE FULL STOP,⒐
No,U+2491,NUMBER TEN FULL STOP,⒑
No,U+2492,NUMBER ELEVEN FULL STOP,⒒
No,U+2493,NUMBER TWELVE FULL STOP,⒓
No,U+2494,NUMBER THIRTEEN FULL STOP,⒔
No,U+2495,NUMBER FOURTEEN FULL STOP,⒕
No,U+2496,NUMBER FIFTEEN FULL STOP,⒖
No,U+2497,NUMBER SIXTEEN FULL STOP,⒗
No,U+2498,NUMBER SEVENTEEN FULL STOP,⒘
No,U+2499,NUMBER EIGHTEEN FULL STOP,⒙
No,U+249A,NUMBER NINETEEN FULL STOP,⒚
No,U+249B,NUMBER TWENTY FULL STOP,⒛
No,U+24EA,CIRCLED DIGIT ZERO,⓪
No,U+24EB,NEGATIVE CIRCLED NUMBER ELEVEN,⓫
No,U+24EC,NEGATIVE CIRCLED NUMBER TWELVE,⓬
No,U+24ED,NEGATIVE CIRCLED NUMBER THIRTEEN,⓭
No,U+24EE,NEGATIVE CIRCLED NUMBER FOURTEEN,⓮
No,U+24EF,NEGATIVE CIRCLED NUMBER FIFTEEN,⓯
No,U+24F0,NEGATIVE CIRCLED NUMBER SIXTEEN,⓰
No,U+24F1,NEGATIVE CIRCLED NUMBER SEVENTEEN,⓱
No,U+24F2,NEGATIVE CIRCLED NUMBER EIGHTEEN,⓲
No,U+24F3,NEGATIVE CIRCLED NUMBER NINETEEN,⓳
No,U+24F4,NEGATIVE CIRCLED NUMBER TWENTY,⓴
No,U+24F5,DOUBLE CIRCLED DIGIT ONE,⓵
No,U+24F6,DOUBLE CIRCLED DIGIT TWO,⓶
No,U+24F7,DOUBLE CIRCLED DIGIT THREE,⓷
No,U+24F8,DOUBLE CIRCLED DIGIT FOUR,⓸
No,U+24F9,DOUBLE CIRCLED DIGIT FIVE,⓹
No,U+24FA,DOUBLE CIRCLED DIGIT SIX,⓺
No,U+24FB,DOUBLE CIRCLED DIGIT SEVEN,⓻
No,U+24FC,DOUBLE CIRCLED DIGIT EIGHT,⓼
No,U+24FD,DOUBLE CIRCLED DIGIT NINE,⓽
No,U+24FE,DOUBLE CIRCLED NUMBER TEN,⓾
No,U+24FF,NEGATIVE CIRCLED DIGIT ZERO,⓿
No,U+2776,DINGBAT NEGATIVE CIRCLED DIGIT ONE,❶
No,U+2777,DINGBAT NEGATIVE CIRCLED DIGIT TWO,❷
No,U+2778,DINGBAT NEGATIVE CIRCLED DIGIT THREE,❸
No,U+2779,DINGBAT NEGATIVE CIRCLED DIGIT FOUR,❹
No,U+277A,DINGBAT NEGATIVE CIRCLED DIGIT FIVE,❺
No,U+277B,DINGBAT NEGATIVE CIRCLED DIGIT SIX,❻
No,U+277C,DINGBAT NEGATIVE CIRCLED DIGIT SEVEN,❼
No,U+277D,DINGBAT NEGATIVE CIRCLED DIGIT EIGHT,❽
No,U+277E,DINGBAT NEGATIVE CIRCLED DIGIT NINE,❾
No,U+277F,DINGBAT NEGATIVE CIRCLED NUMBER TEN,❿
No,U+2780,DINGBAT CIRCLED SANS-SERIF DIGIT ONE,➀
No,U+2781,DINGBAT CIRCLED SANS-SERIF DIGIT TWO,➁
No,U+2782,DINGBAT CIRCLED SANS-SERIF DIGIT THREE,➂
No,U+2783,DINGBAT CIRCLED SANS-SERIF DIGIT FOUR,➃
No,U+2784,DINGBAT CIRCLED SANS-SERIF DIGIT FIVE,➄
No,U+2785,DINGBAT CIRCLED SANS-SERIF DIGIT SIX,➅
No,U+2786,DINGBAT CIRCLED SANS-SERIF DIGIT SEVEN,➆
No,U+2787,DINGBAT CIRCLED SANS-SERIF DIGIT EIGHT,➇
No,U+2788,DINGBAT CIRCLED SANS-SERIF DIGIT NINE,➈
No,U+2789,DINGBAT CIRCLED SANS-SERIF NUMBER TEN,➉
No,U+278A,DINGBAT NEGATIVE CIRCLED SANS-SERIF DIGIT ONE,➊
No,U+278B,DINGBAT NEGATIVE CIRCLED SANS-SERIF DIGIT TWO,➋
No,U+278C,DINGBAT NEGATIVE CIRCLED SANS-SERIF DIGIT THREE,➌
No,U+278D,DINGBAT NEGATIVE CIRCLED SANS-SERIF DIGIT FOUR,➍
No,U+278E,DINGBAT NEGATIVE CIRCLED SANS-SERIF DIGIT FIVE,➎
No,U+278F,DINGBAT NEGATIVE CIRCLED SANS-SERIF DIGIT SIX,➏
No,U+2790,DINGBAT NEGATIVE CIRCLED SANS-SERIF DIGIT SEVEN,➐
No,U+2791,DINGBAT NEGATIVE CIRCLED SANS-SERIF DIGIT EIGHT,➑
No,U+2792,DINGBAT NEGATIVE CIRCLED SANS-SERIF DIGIT NINE,➒
No,U+2793,DINGBAT NEGATIVE CIRCLED SANS-SERIF NUMBER TEN,➓
No,U+2CFD,COPTIC FRACTION ONE HALF,⳽
No,U+3192,IDEOGRAPHIC ANNOTATION ONE MARK,㆒
No,U+3193,IDEOGRAPHIC ANNOTATION TWO MARK,㆓
No,U+3194,IDEOGRAPHIC ANNOTATION THREE MARK,㆔
No,U+3195,IDEOGRAPHIC ANNOTATION FOUR MARK,㆕
No,U+3220,PARENTHESIZED IDEOGRAPH ONE,㈠
No,U+3221,PARENTHESIZED IDEOGRAPH TWO,㈡
No,U+3222,PARENTHESIZED IDEOGRAPH THREE,㈢
No,U+3223,PARENTHESIZED IDEOGRAPH FOUR,㈣
No,U+3224,PARENTHESIZED IDEOGRAPH FIVE,㈤
No,U+3225,PARENTHESIZED IDEOGRAPH SIX,㈥
No,U+3226,PARENTHESIZED IDEOGRAPH SEVEN,㈦
No,U+3227,PARENTHESIZED IDEOGRAPH EIGHT,㈧
No,U+3228,PARENTHESIZED IDEOGRAPH NINE,㈨
No,U+3229,PARENTHESIZED IDEOGRAPH TEN,㈩
No,U+3248,CIRCLED NUMBER TEN ON BLACK SQUARE,㉈
No,U+3249,CIRCLED NUMBER TWENTY ON BLACK SQUARE,㉉
No,U+324A,CIRCLED NUMBER THIRTY ON BLACK SQUARE,㉊
No,U+324B,CIRCLED NUMBER FORTY ON BLACK SQUARE,㉋
No,U+324C,CIRCLED NUMBER FIFTY ON BLACK SQUARE,㉌
No,U+324D,CIRCLED NUMBER SIXTY ON BLACK SQUARE,㉍
No,U+324E,CIRCLED NUMBER SEVENTY ON BLACK SQUARE,㉎
No,U+324F,CIRCLED NUMBER EIGHTY ON BLACK SQUARE,㉏
No,U+3251,CIRCLED NUMBER TWENTY ONE,㉑
No,U+3252,CIRCLED NUMBER TWENTY TWO,㉒
No,U+3253,CIRCLED NUMBER TWENTY THREE,㉓
No,U+3254,CIRCLED NUMBER TWENTY FOUR,㉔
No,U+3255,CIRCLED NUMBER TWENTY FIVE,㉕
No,U+3256,CIRCLED NUMBER TWENTY SIX,㉖
No,U+3257,CIRCLED NUMBER TWENTY SEVEN,㉗
No,U+3258,CIRCLED NUMBER TWENTY EIGHT,㉘
No,U+3259,CIRCLED NUMBER TWENTY NINE,㉙
No,U+325A,CIRCLED NUMBER THIRTY,㉚
No,U+325B,CIRCLED NUMBER THIRTY ONE,㉛
No,U+325C,CIRCLED NUMBER THIRTY TWO,㉜
No,U+325D,CIRCLED NUMBER THIRTY THREE,㉝
No,U+325E,CIRCLED NUMBER THIRTY FOUR,㉞
No,U+325F,CIRCLED NUMBER THIRTY FIVE,㉟
No,U+3280,CIRCLED IDEOGRAPH ONE,㊀
No,U+3281,CIRCLED IDEOGRAPH TWO,㊁
No,U+3282,CIRCLED IDEOGRAPH THREE,㊂
No,U+3283,CIRCLED IDEOGRAPH FOUR,㊃
No,U+3284,CIRCLED IDEOGRAPH FIVE,㊄
No,U+3285,CIRCLED IDEOGRAPH SIX,㊅
No,U+3286,CIRCLED IDEOGRAPH SEVEN,㊆
No,U+3287,CIRCLED IDEOGRAPH EIGHT,㊇
No,U+3288,CIRCLED IDEOGRAPH NINE,㊈
No,U+3289,CIRCLED IDEOGRAPH TEN,㊉
No,U+32B1,CIRCLED NUMBER THIRTY SIX,㊱
No,U+32B2,CIRCLED NUMBER THIRTY SEVEN,㊲
No,U+32B3,CIRCLED NUMBER THIRTY EIGHT,㊳
No,U+32B4,CIRCLED NUMBER THIRTY NINE,㊴
No,U+32B5,CIRCLED NUMBER FORTY,㊵
No,U+32B6,CIRCLED NUMBER FORTY ONE,㊶
No,U+32B7,CIRCLED NUMBER FORTY TWO,㊷
No,U+32B8,CIRCLED NUMBER FORTY THREE,㊸
No,U+32B9,CIRCLED NUMBER FORTY FOUR,㊹
No,U+32BA,CIRCLED NUMBER FORTY FIVE,㊺
No,U+32BB,CIRCLED NUMBER FORTY SIX,㊻
No,U+32BC,CIRCLED NUMBER FORTY SEVEN,㊼
No,U+32BD,CIRCLED NUMBER FORTY EIGHT,㊽
No,U+32BE,CIRCLED NUMBER FORTY NINE,㊾
No,U+32BF,CIRCLED NUMBER FIFTY,㊿
No,U+A830,NORTH INDIC FRACTION ONE QUARTER,꠰
No,U+A831,NORTH INDIC FRACTION ONE HALF,꠱
No,U+A832,NORTH INDIC FRACTION THREE QUARTERS,꠲
No,U+A833,NORTH INDIC FRACTION ONE SIXTEENTH,꠳
No,U+A834,NORTH INDIC FRACTION ONE EIGHTH,꠴
No,U+A835,NORTH INDIC FRACTION THREE SIXTEENTHS,꠵
No,U+10107,AEGEAN NUMBER ONE,𐄇
No,U+10108,AEGEAN NUMBER TWO,𐄈
No,U+10109,AEGEAN NUMBER THREE,𐄉
No,U+1010A,AEGEAN NUMBER FOUR,𐄊
No,U+1010B,AEGEAN NUMBER FIVE,𐄋
No,U+1010C,AEGEAN NUMBER SIX,𐄌
No,U+1010D,AEGEAN NUMBER SEVEN,𐄍
No,U+1010E,AEGEAN NUMBER EIGHT,𐄎
No,U+1010F,AEGEAN NUMBER NINE,𐄏
No,U+10110,AEGEAN NUMBER TEN,𐄐
No,U+10111,AEGEAN NUMBER TWENTY,𐄑
No,U+10112,AEGEAN NUMBER THIRTY,𐄒
No,U+10113,AEGEAN NUMBER FORTY,𐄓
No,U+10114,AEGEAN NUMBER FIFTY,𐄔
No,U+10115,AEGEAN NUMBER SIXTY,𐄕
No,U+10116,AEGEAN NUMBER SEVENTY,𐄖
No,U+10117,AEGEAN NUMBER EIGHTY,𐄗
No,U+10118,AEGEAN NUMBER NINETY,𐄘
No,U+10119,AEGEAN NUMBER ONE HUNDRED,𐄙
No,U+1011A,AEGEAN NUMBER TWO HUNDRED,𐄚
No,U+1011B,AEGEAN NUMBER THREE HUNDRED,𐄛
No,U+1011C,AEGEAN NUMBER FOUR HUNDRED,𐄜
No,U+1011D,AEGEAN NUMBER FIVE HUNDRED,𐄝
No,U+1011E,AEGEAN NUMBER SIX HUNDRED,𐄞
No,U+1011F,AEGEAN NUMBER SEVEN HUNDRED,𐄟
No,U+10120,AEGEAN NUMBER EIGHT HUNDRED,𐄠
No,U+10121,AEGEAN NUMBER NINE HUNDRED,𐄡
No,U+10122,AEGEAN NUMBER ONE THOUSAND,𐄢
No,U+10123,AEGEAN NUMBER TWO THOUSAND,𐄣
No,U+10124,AEGEAN NUMBER THREE THOUSAND,𐄤
No,U+10125,AEGEAN NUMBER FOUR THOUSAND,𐄥
No,U+10126,AEGEAN NUMBER FIVE THOUSAND,𐄦
No,U+10127,AEGEAN NUMBER SIX THOUSAND,𐄧
No,U+10128,AEGEAN NUMBER SEVEN THOUSAND,𐄨
No,U+10129,AEGEAN NUMBER EIGHT THOUSAND,𐄩
No,U+1012A,AEGEAN NUMBER NINE THOUSAND,𐄪
No,U+1012B,AEGEAN NUMBER TEN THOUSAND,𐄫
No,U+1012C,AEGEAN NUMBER TWENTY THOUSAND,𐄬
No,U+1012D,AEGEAN NUMBER THIRTY THOUSAND,𐄭
No,U+1012E,AEGEAN NUMBER FORTY THOUSAND,𐄮
No,U+1012F,AEGEAN NUMBER FIFTY THOUSAND,𐄯
No,U+10130,AEGEAN NUMBER SIXTY THOUSAND,𐄰
No,U+10131,AEGEAN NUMBER SEVENTY THOUSAND,𐄱
No,U+10132,AEGEAN NUMBER EIGHTY THOUSAND,𐄲
No,U+10133,AEGEAN NUMBER NINETY THOUSAND,𐄳
No,U+10175,GREEK ONE HALF SIGN,𐅵
No,U+10176,GREEK ONE HALF SIGN ALTERNATE FORM,𐅶
No,U+10177,GREEK TWO THIRDS SIGN,𐅷
No,U+10178,GREEK THREE QUARTERS SIGN,𐅸
No,U+1018A,GREEK ZERO SIGN,𐆊
No,U+1018B,GREEK ONE QUARTER SIGN,𐆋
No,U+102E1,COPTIC EPACT DIGIT ONE,𐋡
No,U+102E2,COPTIC EPACT DIGIT TWO,𐋢
No,U+102E3,COPTIC EPACT DIGIT THREE,𐋣
No,U+102E4,COPTIC EPACT DIGIT FOUR,𐋤
No,U+102E5,COPTIC EPACT DIGIT FIVE,𐋥
No,U+102E6,COPTIC EPACT DIGIT SIX,𐋦
No,U+102E7,COPTIC EPACT DIGIT SEVEN,𐋧
No,U+102E8,COPTIC EPACT DIGIT EIGHT,𐋨
No,U+102E9,COPTIC EPACT DIGIT NINE,𐋩
No,U+102EA,COPTIC EPACT NUMBER TEN,𐋪
No,U+102EB,COPTIC EPACT NUMBER TWENTY,𐋫
No,U+102EC,COPTIC EPACT NUMBER THIRTY,𐋬
No,U+102ED,COPTIC EPACT NUMBER FORTY,𐋭
No,U+102EE,COPTIC EPACT NUMBER FIFTY,𐋮
No,U+102EF,COPTIC EPACT NUMBER SIXTY,𐋯
No,U+102F0,COPTIC EPACT NUMBER SEVENTY,𐋰
No,U+102F1,COPTIC EPACT NUMBER EIGHTY,𐋱
No,U+102F2,COPTIC EPACT NUMBER NINETY,𐋲
No,U+102F3,COPTIC EPACT NUMBER ONE HUNDRED,𐋳
No,U+102F4,COPTIC EPACT NUMBER TWO HUNDRED,𐋴
No,U+102F5,COPTIC EPACT NUMBER THREE HUNDRED,𐋵
No,U+102F6,COPTIC EPACT NUMBER FOUR HUNDRED,𐋶
No,U+102F7,COPTIC EPACT NUMBER FIVE HUNDRED,𐋷
No,U+102F8,COPTIC EPACT NUMBER SIX HUNDRED,𐋸
No,U+102F9,COPTIC EPACT NUMBER SEVEN HUNDRED,𐋹
No,U+102FA,COPTIC EPACT NUMBER EIGHT HUNDRED,𐋺
No,U+102FB,COPTIC EPACT NUMBER NINE HUNDRED,𐋻
No,U+10320,OLD ITALIC NUMERAL ONE,𐌠
No,U+10321,OLD ITALIC NUMERAL FIVE,𐌡
No,U+10322,OLD ITALIC NUMERAL TEN,𐌢
No,U+10323,OLD ITALIC NUMERAL FIFTY,𐌣
No,U+10858,IMPERIAL ARAMAIC NUMBER ONE,𐡘
No,U+10859,IMPERIAL ARAMAIC NUMBER TWO,𐡙
No,U+1085A,IMPERIAL ARAMAIC NUMBER THREE,𐡚
No,U+1085B,IMPERIAL ARAMAIC NUMBER TEN,𐡛
No,U+1085C,IMPERIAL ARAMAIC NUMBER TWENTY,𐡜
No,U+1085D,IMPERIAL ARAMAIC NUMBER ONE HUNDRED,𐡝
No,U+1085E,IMPERIAL ARAMAIC NUMBER ONE THOUSAND,𐡞
No,U+1085F,IMPERIAL ARAMAIC NUMBER TEN THOUSAND,𐡟
No,U+10879,PALMYRENE NUMBER ONE,𐡹
No,U+1087A,PALMYRENE NUMBER TWO,𐡺
No,U+1087B,PALMYRENE NUMBER THREE,𐡻
No,U+1087C,PALMYRENE NUMBER FOUR,𐡼
No,U+1087D,PALMYRENE NUMBER FIVE,𐡽
No,U+1087E,PALMYRENE NUMBER TEN,𐡾
No,U+1087F,PALMYRENE NUMBER TWENTY,𐡿
No,U+108A7,NABATAEAN NUMBER ONE,𐢧
No,U+108A8,NABATAEAN NUMBER TWO,𐢨
No,U+108A9,NABATAEAN NUMBER THREE,𐢩
No,U+108AA,NABATAEAN NUMBER FOUR,𐢪
No,U+108AB,NABATAEAN CRUCIFORM NUMBER FOUR,𐢫
No,U+108AC,NABATAEAN NUMBER FIVE,𐢬
No,U+108AD,NABATAEAN NUMBER TEN,𐢭
No,U+108AE,NABATAEAN NUMBER TWENTY,𐢮
No,U+108AF,NABATAEAN NUMBER ONE HUNDRED,𐢯
No,U+108FB,HATRAN NUMBER ONE,𐣻
No,U+108FC,HATRAN NUMBER FIVE,𐣼
No,U+108FD,HATRAN NUMBER TEN,𐣽
No,U+108FE,HATRAN NUMBER TWENTY,𐣾
No,U+108FF,HATRAN NUMBER ONE HUNDRED,𐣿
No,U+10916,PHOENICIAN NUMBER ONE,𐤖
No,U+10917,PHOENICIAN NUMBER TEN,𐤗
No,U+10918,PHOENICIAN NUMBER TWENTY,𐤘
No,U+10919,PHOENICIAN NUMBER ONE HUNDRED,𐤙
No,U+1091A,PHOENICIAN NUMBER TWO,𐤚
No,U+1091B,PHOENICIAN NUMBER THREE,𐤛
No,U+109BC,MEROITIC CURSIVE FRACTION ELEVEN TWELFTHS,𐦼
No,U+109BD,MEROITIC CURSIVE FRACTION ONE HALF,𐦽
No,U+109C0,MEROITIC CURSIVE NUMBER ONE,𐧀
No,U+109C1,MEROITIC CURSIVE NUMBER TWO,𐧁
No,U+109C2,MEROITIC CURSIVE NUMBER THREE,𐧂
No,U+109C3,MEROITIC CURSIVE NUMBER FOUR,𐧃
No,U+109C4,MEROITIC CURSIVE NUMBER FIVE,𐧄
No,U+109C5,MEROITIC CURSIVE NUMBER SIX,𐧅
No,U+109C6,MEROITIC CURSIVE NUMBER SEVEN,𐧆
No,U+109C7,MEROITIC CURSIVE NUMBER EIGHT,𐧇
No,U+109C8,MEROITIC CURSIVE NUMBER NINE,𐧈
No,U+109C9,MEROITIC CURSIVE NUMBER TEN,𐧉
No,U+109CA,MEROITIC CURSIVE NUMBER TWENTY,𐧊
No,U+109CB,MEROITIC CURSIVE NUMBER THIRTY,𐧋
No,U+109CC,MEROITIC CURSIVE NUMBER FORTY,𐧌
No,U+109CD,MEROITIC CURSIVE NUMBER FIFTY,𐧍
No,U+109CE,MEROITIC CURSIVE NUMBER SIXTY,𐧎
No,U+109CF,MEROITIC CURSIVE NUMBER SEVENTY,𐧏
No,U+109D2,MEROITIC CURSIVE NUMBER ONE HUNDRED,𐧒
No,U+109D3,MEROITIC CURSIVE NUMBER TWO HUNDRED,𐧓
No,U+109D4,MEROITIC CURSIVE NUMBER THREE HUNDRED,𐧔
No,U+109D5,MEROITIC CURSIVE NUMBER FOUR HUNDRED,𐧕
No,U+109D6,MEROITIC CURSIVE NUMBER FIVE HUNDRED,𐧖
No,U+109D7,MEROITIC CURSIVE NUMBER SIX HUNDRED,𐧗
No,U+109D8,MEROITIC CURSIVE NUMBER SEVEN HUNDRED,𐧘
No,U+109D9,MEROITIC CURSIVE NUMBER EIGHT HUNDRED,𐧙
No,U+109DA,MEROITIC CURSIVE NUMBER NINE HUNDRED,𐧚
No,U+109DB,MEROITIC CURSIVE NUMBER ONE THOUSAND,𐧛
No,U+109DC,MEROITIC CURSIVE NUMBER TWO THOUSAND,𐧜
No,U+109DD,MEROITIC CURSIVE NUMBER THREE THOUSAND,𐧝
No,U+109DE,MEROITIC CURSIVE NUMBER FOUR THOUSAND,𐧞
No,U+109DF,MEROITIC CURSIVE NUMBER FIVE THOUSAND,𐧟
No,U+109E0,MEROITIC CURSIVE NUMBER SIX THOUSAND,𐧠
No,U+109E1,MEROITIC CURSIVE NUMBER SEVEN THOUSAND,𐧡
No,U+109E2,MEROITIC CURSIVE NUMBER EIGHT THOUSAND,𐧢
No,U+109E3,MEROITIC CURSIVE NUMBER NINE THOUSAND,𐧣
No,U+109E4,MEROITIC CURSIVE NUMBER TEN THOUSAND,𐧤
No,U+109E5,MEROITIC CURSIVE NUMBER TWENTY THOUSAND,𐧥
No,U+109E6,MEROITIC CURSIVE NUMBER THIRTY THOUSAND,𐧦
No,U+109E7,MEROITIC CURSIVE NUMBER FORTY THOUSAND,𐧧
No,U+109E8,MEROITIC CURSIVE NUMBER FIFTY THOUSAND,𐧨
No,U+109E9,MEROITIC CURSIVE NUMBER SIXTY THOUSAND,𐧩
No,U+109EA,MEROITIC CURSIVE NUMBER SEVENTY THOUSAND,𐧪
No,U+109EB,MEROITIC CURSIVE NUMBER EIGHTY THOUSAND,𐧫
No,U+109EC,MEROITIC CURSIVE NUMBER NINETY THOUSAND,𐧬
No,U+109ED,MEROITIC CURSIVE NUMBER ONE HUNDRED THOUSAND,𐧭
No,U+109EE,MEROITIC CURSIVE NUMBER TWO HUNDRED THOUSAND,𐧮
No,U+109EF,MEROITIC CURSIVE NUMBER THREE HUNDRED THOUSAND,𐧯
No,U+109F0,MEROITIC CURSIVE NUMBER FOUR HUNDRED THOUSAND,𐧰
No,U+109F1,MEROITIC CURSIVE NUMBER FIVE HUNDRED THOUSAND,𐧱
No,U+109F2,MEROITIC CURSIVE NUMBER SIX HUNDRED THOUSAND,𐧲
No,U+109F3,MEROITIC CURSIVE NUMBER SEVEN HUNDRED THOUSAND,𐧳
No,U+109F4,MEROITIC CURSIVE NUMBER EIGHT HUNDRED THOUSAND,𐧴
No,U+109F5,MEROITIC CURSIVE NUMBER NINE HUNDRED THOUSAND,𐧵
No,U+109F6,MEROITIC CURSIVE FRACTION ONE TWELFTH,𐧶
No,U+109F7,MEROITIC CURSIVE FRACTION TWO TWELFTHS,𐧷
No,U+109F8,MEROITIC CURSIVE FRACTION THREE TWELFTHS,𐧸
No,U+109F9,MEROITIC CURSIVE FRACTION FOUR TWELFTHS,𐧹
No,U+109FA,MEROITIC CURSIVE FRACTION FIVE TWELFTHS,𐧺
No,U+109FB,MEROITIC CURSIVE FRACTION SIX TWELFTHS,𐧻
No,U+109FC,MEROITIC CURSIVE FRACTION SEVEN TWELFTHS,𐧼
No,U+109FD,MEROITIC CURSIVE FRACTION EIGHT TWELFTHS,𐧽
No,U+109FE,MEROITIC CURSIVE FRACTION NINE TWELFTHS,𐧾
No,U+109FF,MEROITIC CURSIVE FRACTION TEN TWELFTHS,𐧿
No,U+10A40,KHAROSHTHI DIGIT ONE,𐩀
No,U+10A41,KHAROSHTHI DIGIT TWO,𐩁
No,U+10A42,KHAROSHTHI DIGIT THREE,𐩂
No,U+10A43,KHAROSHTHI DIGIT FOUR,𐩃
No,U+10A44,KHAROSHTHI NUMBER TEN,𐩄
No,U+10A45,KHAROSHTHI NUMBER TWENTY,𐩅
No,U+10A46,KHAROSHTHI NUMBER ONE HUNDRED,𐩆
No,U+10A47,KHAROSHTHI NUMBER ONE THOUSAND,𐩇
No,U+10A48,KHAROSHTHI FRACTION ONE HALF,𐩈
No,U+10A7D,OLD SOUTH ARABIAN NUMBER ONE,𐩽
No,U+10A7E,OLD SOUTH ARABIAN NUMBER FIFTY,𐩾
No,U+10A9D,OLD NORTH ARABIAN NUMBER ONE,𐪝
No,U+10A9E,OLD NORTH ARABIAN NUMBER TEN,𐪞
No,U+10A9F,OLD NORTH ARABIAN NUMBER TWENTY,𐪟
No,U+10AEB,MANICHAEAN NUMBER ONE,𐫫
No,U+10AEC,MANICHAEAN NUMBER FIVE,𐫬
No,U+10AED,MANICHAEAN NUMBER TEN,𐫭
No,U+10AEE,MANICHAEAN NUMBER TWENTY,𐫮
No,U+10AEF,MANICHAEAN NUMBER ONE HUNDRED,𐫯
No,U+10B58,INSCRIPTIONAL PARTHIAN NUMBER ONE,𐭘
No,U+10B59,INSCRIPTIONAL PARTHIAN NUMBER TWO,𐭙
No,U+10B5A,INSCRIPTIONAL PARTHIAN NUMBER THREE,𐭚
No,U+10B5B,INSCRIPTIONAL PARTHIAN NUMBER FOUR,𐭛
No,U+10B5C,INSCRIPTIONAL PARTHIAN NUMBER TEN,𐭜
No,U+10B5D,INSCRIPTIONAL PARTHIAN NUMBER TWENTY,𐭝
No,U+10B5E,INSCRIPTIONAL PARTHIAN NUMBER ONE HUNDRED,𐭞
No,U+10B5F,INSCRIPTIONAL PARTHIAN NUMBER ONE THOUSAND,𐭟
No,U+10B78,INSCRIPTIONAL PAHLAVI NUMBER ONE,𐭸
No,U+10B79,INSCRIPTIONAL PAHLAVI NUMBER TWO,𐭹
No,U+10B7A,INSCRIPTIONAL PAHLAVI NUMBER THREE,𐭺
No,U+10B7B,INSCRIPTIONAL PAHLAVI NUMBER FOUR,𐭻
No,U+10B7C,INSCRIPTIONAL PAHLAVI NUMBER TEN,𐭼
No,U+10B7D,INSCRIPTIONAL PAHLAVI NUMBER TWENTY,𐭽
No,U+10B7E,INSCRIPTIONAL PAHLAVI NUMBER ONE HUNDRED,𐭾
No,U+10B7F,INSCRIPTIONAL PAHLAVI NUMBER ONE THOUSAND,𐭿
No,U+10BA9,PSALTER PAHLAVI NUMBER ONE,𐮩
No,U+10BAA,PSALTER PAHLAVI NUMBER TWO,𐮪
No,U+10BAB,PSALTER PAHLAVI NUMBER THREE,𐮫
No,U+10BAC,PSALTER PAHLAVI NUMBER FOUR,𐮬
No,U+10BAD,PSALTER PAHLAVI NUMBER TEN,𐮭
No,U+10BAE,PSALTER PAHLAVI NUMBER TWENTY,𐮮
No,U+10BAF,PSALTER PAHLAVI NUMBER ONE HUNDRED,𐮯
No,U+10CFA,OLD HUNGARIAN NUMBER ONE,𐳺
No,U+10CFB,OLD HUNGARIAN NUMBER FIVE,𐳻
No,U+10CFC,OLD HUNGARIAN NUMBER TEN,𐳼
No,U+10CFD,OLD HUNGARIAN NUMBER FIFTY,𐳽
No,U+10CFE,OLD HUNGARIAN NUMBER ONE HUNDRED,𐳾
No,U+10CFF,OLD HUNGARIAN NUMBER ONE THOUSAND,𐳿
No,U+10E60,RUMI DIGIT ONE,𐹠
No,U+10E61,RUMI DIGIT TWO,𐹡
No,U+10E62,RUMI DIGIT THREE,𐹢
No,U+10E63,RUMI DIGIT FOUR,𐹣
No,U+10E64,RUMI DIGIT FIVE,𐹤
No,U+10E65,RUMI DIGIT SIX,𐹥
No,U+10E66,RUMI DIGIT SEVEN,𐹦
No,U+10E67,RUMI DIGIT EIGHT,𐹧
No,U+10E68,RUMI DIGIT NINE,𐹨
No,U+10E69,RUMI NUMBER TEN,𐹩
No,U+10E6A,RUMI NUMBER TWENTY,𐹪
No,U+10E6B,RUMI NUMBER THIRTY,𐹫
No,U+10E6C,RUMI NUMBER FORTY,𐹬
No,U+10E6D,RUMI NUMBER FIFTY,𐹭
No,U+10E6E,RUMI NUMBER SIXTY,𐹮
No,U+10E6F,RUMI NUMBER SEVENTY,𐹯
No,U+10E70,RUMI NUMBER EIGHTY,𐹰
No,U+10E71,RUMI NUMBER NINETY,𐹱
No,U+10E72,RUMI NUMBER ONE HUNDRED,𐹲
No,U+10E73,RUMI NUMBER TWO HUNDRED,𐹳
No,U+10E74,RUMI NUMBER THREE HUNDRED,𐹴
No,U+10E75,RUMI NUMBER FOUR HUNDRED,𐹵
No,U+10E76,RUMI NUMBER FIVE HUNDRED,𐹶
No,U+10E77,RUMI NUMBER SIX HUNDRED,𐹷
No,U+10E78,RUMI NUMBER SEVEN HUNDRED,𐹸
No,U+10E79,RUMI NUMBER EIGHT HUNDRED,𐹹
No,U+10E7A,RUMI NUMBER NINE HUNDRED,𐹺
No,U+10E7B,RUMI FRACTION ONE HALF,𐹻
No,U+10E7C,RUMI FRACTION ONE QUARTER,𐹼
No,U+10E7D,RUMI FRACTION ONE THIRD,𐹽
No,U+10E7E,RUMI FRACTION TWO THIRDS,𐹾
No,U+10F1D,OLD SOGDIAN NUMBER ONE,𐼝
No,U+10F1E,OLD SOGDIAN NUMBER TWO,𐼞
No,U+10F1F,OLD SOGDIAN NUMBER THREE,𐼟
No,U+10F20,OLD SOGDIAN NUMBER FOUR,𐼠
No,U+10F21,OLD SOGDIAN NUMBER FIVE,𐼡
No,U+10F22,OLD SOGDIAN NUMBER TEN,𐼢
No,U+10F23,OLD SOGDIAN NUMBER TWENTY,𐼣
No,U+10F24,OLD SOGDIAN NUMBER THIRTY,𐼤
No,U+10F25,OLD SOGDIAN NUMBER ONE HUNDRED,𐼥
No,U+10F26,OLD SOGDIAN FRACTION ONE HALF,𐼦
No,U+10F51,SOGDIAN NUMBER ONE,𐽑
No,U+10F52,SOGDIAN NUMBER TEN,𐽒
No,U+10F53,SOGDIAN NUMBER TWENTY,𐽓
No,U+10F54,SOGDIAN NUMBER ONE HUNDRED,𐽔
No,U+11052,BRAHMI NUMBER ONE,𑁒
No,U+11053,BRAHMI NUMBER TWO,𑁓
No,U+11054,BRAHMI NUMBER THREE,𑁔
No,U+11055,BRAHMI NUMBER FOUR,𑁕
No,U+11056,BRAHMI NUMBER FIVE,𑁖
No,U+11057,BRAHMI NUMBER SIX,𑁗
No,U+11058,BRAHMI NUMBER SEVEN,𑁘
No,U+11059,BRAHMI NUMBER EIGHT,𑁙
No,U+1105A,BRAHMI NUMBER NINE,𑁚
No,U+1105B,BRAHMI NUMBER TEN,𑁛
No,U+1105C,BRAHMI NUMBER TWENTY,𑁜
No,U+1105D,BRAHMI NUMBER THIRTY,𑁝
No,U+1105E,BRAHMI NUMBER FORTY,𑁞
No,U+1105F,BRAHMI NUMBER FIFTY,𑁟
No,U+11060,BRAHMI NUMBER SIXTY,𑁠
No,U+11061,BRAHMI NUMBER SEVENTY,𑁡
No,U+11062,BRAHMI NUMBER EIGHTY,𑁢
No,U+11063,BRAHMI NUMBER NINETY,𑁣
No,U+11064,BRAHMI NUMBER ONE HUNDRED,𑁤
No,U+11065,BRAHMI NUMBER ONE THOUSAND,𑁥
No,U+111E1,SINHALA ARCHAIC DIGIT ONE,𑇡
No,U+111E2,SINHALA ARCHAIC DIGIT TWO,𑇢
No,U+111E3,SINHALA ARCHAIC DIGIT THREE,𑇣
No,U+111E4,SINHALA ARCHAIC DIGIT FOUR,𑇤
No,U+111E5,SINHALA ARCHAIC DIGIT FIVE,𑇥
No,U+111E6,SINHALA ARCHAIC DIGIT SIX,𑇦
No,U+111E7,SINHALA ARCHAIC DIGIT SEVEN,𑇧
No,U+111E8,SINHALA ARCHAIC DIGIT EIGHT,𑇨
No,U+111E9,SINHALA ARCHAIC DIGIT NINE,𑇩
No,U+111EA,SINHALA ARCHAIC NUMBER TEN,𑇪
No,U+111EB,SINHALA ARCHAIC NUMBER TWENTY,𑇫
No,U+111EC,SINHALA ARCHAIC NUMBER THIRTY,𑇬
No,U+111ED,SINHALA ARCHAIC NUMBER FORTY,𑇭
No,U+111EE,SINHALA ARCHAIC NUMBER FIFTY,𑇮
No,U+111EF,SINHALA ARCHAIC NUMBER SIXTY,𑇯
No,U+111F0,SINHALA ARCHAIC NUMBER SEVENTY,𑇰
No,U+111F1,SINHALA ARCHAIC NUMBER EIGHTY,𑇱
No,U+111F2,SINHALA ARCHAIC NUMBER NINETY,𑇲
No,U+111F3,SINHALA ARCHAIC NUMBER ONE HUNDRED,𑇳
No,U+111F4,SINHALA ARCHAIC NUMBER ONE THOUSAND,𑇴
No,U+1173A,AHOM NUMBER TEN,𑜺
No,U+1173B,AHOM NUMBER TWENTY,𑜻
No,U+118EA,WARANG CITI NUMBER TEN,𑣪
No,U+118EB,WARANG CITI NUMBER TWENTY,𑣫
No,U+118EC,WARANG CITI NUMBER THIRTY,𑣬
No,U+118ED,WARANG CITI NUMBER FORTY,𑣭
No,U+118EE,WARANG CITI NUMBER FIFTY,𑣮
No,U+118EF,WARANG CITI NUMBER SIXTY,𑣯
No,U+118F0,WARANG CITI NUMBER SEVENTY,𑣰
No,U+118F1,WARANG CITI NUMBER EIGHTY,𑣱
No,U+118F2,WARANG CITI NUMBER NINETY,𑣲
No,U+11C5A,BHAIKSUKI NUMBER ONE,𑱚
No,U+11C5B,BHAIKSUKI NUMBER TWO,𑱛
No,U+11C5C,BHAIKSUKI NUMBER THREE,𑱜
No,U+11C5D,BHAIKSUKI NUMBER FOUR,𑱝
No,U+11C5E,BHAIKSUKI NUMBER FIVE,𑱞
No,U+11C5F,BHAIKSUKI NUMBER SIX,𑱟
No,U+11C60,BHAIKSUKI NUMBER SEVEN,𑱠
No,U+11C61,BHAIKSUKI NUMBER EIGHT,𑱡
No,U+11C62,BHAIKSUKI NUMBER NINE,𑱢
No,U+11C63,BHAIKSUKI NUMBER TEN,𑱣
No,U+11C64,BHAIKSUKI NUMBER TWENTY,𑱤
No,U+11C65,BHAIKSUKI NUMBER THIRTY,𑱥
No,U+11C66,BHAIKSUKI NUMBER FORTY,𑱦
No,U+11C67,BHAIKSUKI NUMBER FIFTY,𑱧
No,U+11C68,BHAIKSUKI NUMBER SIXTY,𑱨
No,U+11C69,BHAIKSUKI NUMBER SEVENTY,𑱩
No,U+11C6A,BHAIKSUKI NUMBER EIGHTY,𑱪
No,U+11C6B,BHAIKSUKI NUMBER NINETY,𑱫
No,U+11C6C,BHAIKSUKI HUNDREDS UNIT MARK,𑱬
No,U+11FC0,TAMIL FRACTION ONE THREE-HUNDRED-AND-TWENTIETH,𑿀
No,U+11FC1,TAMIL FRACTION ONE ONE-HUNDRED-AND-SIXTIETH,𑿁
No,U+11FC2,TAMIL FRACTION ONE EIGHTIETH,𑿂
No,U+11FC3,TAMIL FRACTION ONE SIXTY-FOURTH,𑿃
No,U+11FC4,TAMIL FRACTION ONE FORTIETH,𑿄
No,U+11FC5,TAMIL FRACTION ONE THIRTY-SECOND,𑿅
No,U+11FC6,TAMIL FRACTION THREE EIGHTIETHS,𑿆
No,U+11FC7,TAMIL FRACTION THREE SIXTY-FOURTHS,𑿇
No,U+11FC8,TAMIL FRACTION ONE TWENTIETH,𑿈
No,U+11FC9,TAMIL FRACTION ONE SIXTEENTH-1,𑿉
No,U+11FCA,TAMIL FRACTION ONE SIXTEENTH-2,𑿊
No,U+11FCB,TAMIL FRACTION ONE TENTH,𑿋
No,U+11FCC,TAMIL FRACTION ONE EIGHTH,𑿌
No,U+11FCD,TAMIL FRACTION THREE TWENTIETHS,𑿍
No,U+11FCE,TAMIL FRACTION THREE SIXTEENTHS,𑿎
No,U+11FCF,TAMIL FRACTION ONE FIFTH,𑿏
No,U+11FD0,TAMIL FRACTION ONE QUARTER,𑿐
No,U+11FD1,TAMIL FRACTION ONE HALF-1,𑿑
No,U+11FD2,TAMIL FRACTION ONE HALF-2,𑿒
No,U+11FD3,TAMIL FRACTION THREE QUARTERS,𑿓
No,U+11FD4,TAMIL FRACTION DOWNSCALING FACTOR KIIZH,𑿔
No,U+16B5B,PAHAWH HMONG NUMBER TENS,𖭛
No,U+16B5C,PAHAWH HMONG NUMBER HUNDREDS,𖭜
No,U+16B5D,PAHAWH HMONG NUMBER TEN THOUSANDS,𖭝
No,U+16B5E,PAHAWH HMONG NUMBER MILLIONS,𖭞
No,U+16B5F,PAHAWH HMONG NUMBER HUNDRED MILLIONS,𖭟
No,U+16B60,PAHAWH HMONG NUMBER TEN BILLIONS,𖭠
No,U+16B61,PAHAWH HMONG NUMBER TRILLIONS,𖭡
No,U+16E80,MEDEFAIDRIN DIGIT ZERO,𖺀
No,U+16E81,MEDEFAIDRIN DIGIT ONE,𖺁
No,U+16E82,MEDEFAIDRIN DIGIT TWO,𖺂
No,U+16E83,MEDEFAIDRIN DIGIT THREE,𖺃
No,U+16E84,MEDEFAIDRIN DIGIT FOUR,𖺄
No,U+16E85,MEDEFAIDRIN DIGIT FIVE,𖺅
No,U+16E86,MEDEFAIDRIN DIGIT SIX,𖺆
No,U+16E87,MEDEFAIDRIN DIGIT SEVEN,𖺇
No,U+16E88,MEDEFAIDRIN DIGIT EIGHT,𖺈
No,U+16E89,MEDEFAIDRIN DIGIT NINE,𖺉
No,U+16E8A,MEDEFAIDRIN NUMBER TEN,𖺊
No,U+16E8B,MEDEFAIDRIN NUMBER ELEVEN,𖺋
No,U+16E8C,MEDEFAIDRIN NUMBER TWELVE,𖺌
No,U+16E8D,MEDEFAIDRIN NUMBER THIRTEEN,𖺍
No,U+16E8E,MEDEFAIDRIN NUMBER FOURTEEN,𖺎
No,U+16E8F,MEDEFAIDRIN NUMBER FIFTEEN,𖺏
No,U+16E90,MEDEFAIDRIN NUMBER SIXTEEN,𖺐
No,U+16E91,MEDEFAIDRIN NUMBER SEVENTEEN,𖺑
No,U+16E92,MEDEFAIDRIN NUMBER EIGHTEEN,𖺒
No,U+16E93,MEDEFAIDRIN NUMBER NINETEEN,𖺓
No,U+16E94,MEDEFAIDRIN DIGIT ONE ALTERNATE FORM,𖺔
No,U+16E95,MEDEFAIDRIN DIGIT TWO ALTERNATE FORM,𖺕
No,U+16E96,MEDEFAIDRIN DIGIT THREE ALTERNATE FORM,𖺖
No,U+1D2E0,MAYAN NUMERAL ZERO,𝋠
No,U+1D2E1,MAYAN NUMERAL ONE,𝋡
No,U+1D2E2,MAYAN NUMERAL TWO,𝋢
No,U+1D2E3,MAYAN NUMERAL THREE,𝋣
No,U+1D2E4,MAYAN NUMERAL FOUR,𝋤
No,U+1D2E5,MAYAN NUMERAL FIVE,𝋥
No,U+1D2E6,MAYAN NUMERAL SIX,𝋦
No,U+1D2E7,MAYAN NUMERAL SEVEN,𝋧
No,U+1D2E8,MAYAN NUMERAL EIGHT,𝋨
No,U+1D2E9,MAYAN NUMERAL NINE,𝋩
No,U+1D2EA,MAYAN NUMERAL TEN,𝋪
No,U+1D2EB,MAYAN NUMERAL ELEVEN,𝋫
No,U+1D2EC,MAYAN NUMERAL TWELVE,𝋬
No,U+1D2ED,MAYAN NUMERAL THIRTEEN,𝋭
No,U+1D2EE,MAYAN NUMERAL FOURTEEN,𝋮
No,U+1D2EF,MAYAN NUMERAL FIFTEEN,𝋯
No,U+1D2F0,MAYAN NUMERAL SIXTEEN,𝋰
No,U+1D2F1,MAYAN NUMERAL SEVENTEEN,𝋱
No,U+1D2F2,MAYAN NUMERAL EIGHTEEN,𝋲
No,U+1D2F3,MAYAN NUMERAL NINETEEN,𝋳
No,U+1D360,COUNTING ROD UNIT DIGIT ONE,𝍠
No,U+1D361,COUNTING ROD UNIT DIGIT TWO,𝍡
No,U+1D362,COUNTING ROD UNIT DIGIT THREE,𝍢
No,U+1D363,COUNTING ROD UNIT DIGIT FOUR,𝍣
No,U+1D364,COUNTING ROD UNIT DIGIT FIVE,𝍤
No,U+1D365,COUNTING ROD UNIT DIGIT SIX,𝍥
No,U+1D366,COUNTING ROD UNIT DIGIT SEVEN,𝍦
No,U+1D367,COUNTING ROD UNIT DIGIT EIGHT,𝍧
No,U+1D368,COUNTING ROD UNIT DIGIT NINE,𝍨
No,U+1D369,COUNTING ROD TENS DIGIT ONE,𝍩
No,U+1D36A,COUNTING ROD TENS DIGIT TWO,𝍪
No,U+1D36B,COUNTING ROD TENS DIGIT THREE,𝍫
No,U+1D36C,COUNTING ROD TENS DIGIT FOUR,𝍬
No,U+1D36D,COUNTING ROD TENS DIGIT FIVE,𝍭
No,U+1D36E,COUNTING ROD TENS DIGIT SIX,𝍮
No,U+1D36F,COUNTING ROD TENS DIGIT SEVEN,𝍯
No,U+1D370,COUNTING ROD TENS DIGIT EIGHT,𝍰
No,U+1D371,COUNTING ROD TENS DIGIT NINE,𝍱
No,U+1D372,IDEOGRAPHIC TALLY MARK ONE,𝍲
No,U+1D373,IDEOGRAPHIC TALLY MARK TWO,𝍳
No,U+1D374,IDEOGRAPHIC TALLY MARK THREE,𝍴
No,U+1D375,IDEOGRAPHIC TALLY MARK FOUR,𝍵
No,U+1D376,IDEOGRAPHIC TALLY MARK FIVE,𝍶
No,U+1D377,TALLY MARK ONE,𝍷
No,U+1D378,TALLY MARK FIVE,𝍸
No,U+1E8C7,MENDE KIKAKUI DIGIT ONE,𞣇
No,U+1E8C8,MENDE KIKAKUI DIGIT TWO,𞣈
No,U+1E8C9,MENDE KIKAKUI DIGIT THREE,𞣉
No,U+1E8CA,MENDE KIKAKUI DIGIT FOUR,𞣊
No,U+1E8CB,MENDE KIKAKUI DIGIT FIVE,𞣋
No,U+1E8CC,MENDE KIKAKUI DIGIT SIX,𞣌
No,U+1E8CD,MENDE KIKAKUI DIGIT SEVEN,𞣍
No,U+1E8CE,MENDE KIKAKUI DIGIT EIGHT,𞣎
No,U+1E8CF,MENDE KIKAKUI DIGIT NINE,𞣏
No,U+1EC71,INDIC SIYAQ NUMBER ONE,𞱱
No,U+1EC72,INDIC SIYAQ NUMBER TWO,𞱲
No,U+1EC73,INDIC SIYAQ NUMBER THREE,𞱳
No,U+1EC74,INDIC SIYAQ NUMBER FOUR,𞱴
No,U+1EC75,INDIC SIYAQ NUMBER FIVE,𞱵
No,U+1EC76,INDIC SIYAQ NUMBER SIX,𞱶
No,U+1EC77,INDIC SIYAQ NUMBER SEVEN,𞱷
No,U+1EC78,INDIC SIYAQ NUMBER EIGHT,𞱸
No,U+1EC79,INDIC SIYAQ NUMBER NINE,𞱹
No,U+1EC7A,INDIC SIYAQ NUMBER TEN,𞱺
No,U+1EC7B,INDIC SIYAQ NUMBER TWENTY,𞱻
No,U+1EC7C,INDIC SIYAQ NUMBER THIRTY,𞱼
No,U+1EC7D,INDIC SIYAQ NUMBER FORTY,𞱽
No,U+1EC7E,INDIC SIYAQ NUMBER FIFTY,𞱾
No,U+1EC7F,INDIC SIYAQ NUMBER SIXTY,𞱿
No,U+1EC80,INDIC SIYAQ NUMBER SEVENTY,𞲀
No,U+1EC81,INDIC SIYAQ NUMBER EIGHTY,𞲁
No,U+1EC82,INDIC SIYAQ NUMBER NINETY,𞲂
No,U+1EC83,INDIC SIYAQ NUMBER ONE HUNDRED,𞲃
No,U+1EC84,INDIC SIYAQ NUMBER TWO HUNDRED,𞲄
No,U+1EC85,INDIC SIYAQ NUMBER THREE HUNDRED,𞲅
No,U+1EC86,INDIC SIYAQ NUMBER FOUR HUNDRED,𞲆
No,U+1EC87,INDIC SIYAQ NUMBER FIVE HUNDRED,𞲇
No,U+1EC88,INDIC SIYAQ NUMBER SIX HUNDRED,𞲈
No,U+1EC89,INDIC SIYAQ NUMBER SEVEN HUNDRED,𞲉
No,U+1EC8A,INDIC SIYAQ NUMBER EIGHT HUNDRED,𞲊
No,U+1EC8B,INDIC SIYAQ NUMBER NINE HUNDRED,𞲋
No,U+1EC8C,INDIC SIYAQ NUMBER ONE THOUSAND,𞲌
No,U+1EC8D,INDIC SIYAQ NUMBER TWO THOUSAND,𞲍
No,U+1EC8E,INDIC SIYAQ NUMBER THREE THOUSAND,𞲎
No,U+1EC8F,INDIC SIYAQ NUMBER FOUR THOUSAND,𞲏
No,U+1EC90,INDIC SIYAQ NUMBER FIVE THOUSAND,𞲐
No,U+1EC91,INDIC SIYAQ NUMBER SIX THOUSAND,𞲑
No,U+1EC92,INDIC SIYAQ NUMBER SEVEN THOUSAND,𞲒
No,U+1EC93,INDIC SIYAQ NUMBER EIGHT THOUSAND,𞲓
No,U+1EC94,INDIC SIYAQ NUMBER NINE THOUSAND,𞲔
No,U+1EC95,INDIC SIYAQ NUMBER TEN THOUSAND,𞲕
No,U+1EC96,INDIC SIYAQ NUMBER TWENTY THOUSAND,𞲖
No,U+1EC97,INDIC SIYAQ NUMBER THIRTY THOUSAND,𞲗
No,U+1EC98,INDIC SIYAQ NUMBER FORTY THOUSAND,𞲘
No,U+1EC99,INDIC SIYAQ NUMBER FIFTY THOUSAND,𞲙
No,U+1EC9A,INDIC SIYAQ NUMBER SIXTY THOUSAND,𞲚
No,U+1EC9B,INDIC SIYAQ NUMBER SEVENTY THOUSAND,𞲛
No,U+1EC9C,INDIC SIYAQ NUMBER EIGHTY THOUSAND,𞲜
No,U+1EC9D,INDIC SIYAQ NUMBER NINETY THOUSAND,𞲝
No,U+1EC9E,INDIC SIYAQ NUMBER LAKH,𞲞
No,U+1EC9F,INDIC SIYAQ NUMBER LAKHAN,𞲟
No,U+1ECA0,INDIC SIYAQ LAKH MARK,𞲠
No,U+1ECA1,INDIC SIYAQ NUMBER KAROR,𞲡
No,U+1ECA2,INDIC SIYAQ NUMBER KARORAN,𞲢
No,U+1ECA3,INDIC SIYAQ NUMBER PREFIXED ONE,𞲣
No,U+1ECA4,INDIC SIYAQ NUMBER PREFIXED TWO,𞲤
No,U+1ECA5,INDIC SIYAQ NUMBER PREFIXED THREE,𞲥
No,U+1ECA6,INDIC SIYAQ NUMBER PREFIXED FOUR,𞲦
No,U+1ECA7,INDIC SIYAQ NUMBER PREFIXED FIVE,𞲧
No,U+1ECA8,INDIC SIYAQ NUMBER PREFIXED SIX,𞲨
No,U+1ECA9,INDIC SIYAQ NUMBER PREFIXED SEVEN,𞲩
No,U+1ECAA,INDIC SIYAQ NUMBER PREFIXED EIGHT,𞲪
No,U+1ECAB,INDIC SIYAQ NUMBER PREFIXED NINE,𞲫
No,U+1ECAD,INDIC SIYAQ FRACTION ONE QUARTER,𞲭
No,U+1ECAE,INDIC SIYAQ FRACTION ONE HALF,𞲮
No,U+1ECAF,INDIC SIYAQ FRACTION THREE QUARTERS,𞲯
No,U+1ECB1,INDIC SIYAQ NUMBER ALTERNATE ONE,𞲱
No,U+1ECB2,INDIC SIYAQ NUMBER ALTERNATE TWO,𞲲
No,U+1ECB3,INDIC SIYAQ NUMBER ALTERNATE TEN THOUSAND,𞲳
No,U+1ECB4,INDIC SIYAQ ALTERNATE LAKH MARK,𞲴
No,U+1ED01,OTTOMAN SIYAQ NUMBER ONE,𞴁
No,U+1ED02,OTTOMAN SIYAQ NUMBER TWO,𞴂
No,U+1ED03,OTTOMAN SIYAQ NUMBER THREE,𞴃
No,U+1ED04,OTTOMAN SIYAQ NUMBER FOUR,𞴄
No,U+1ED05,OTTOMAN SIYAQ NUMBER FIVE,𞴅
No,U+1ED06,OTTOMAN SIYAQ NUMBER SIX,𞴆
No,U+1ED07,OTTOMAN SIYAQ NUMBER SEVEN,𞴇
No,U+1ED08,OTTOMAN SIYAQ NUMBER EIGHT,𞴈
No,U+1ED09,OTTOMAN SIYAQ NUMBER NINE,𞴉
No,U+1ED0A,OTTOMAN SIYAQ NUMBER TEN,𞴊
No,U+1ED0B,OTTOMAN SIYAQ NUMBER TWENTY,𞴋
No,U+1ED0C,OTTOMAN SIYAQ NUMBER THIRTY,𞴌
No,U+1ED0D,OTTOMAN SIYAQ NUMBER FORTY,𞴍
No,U+1ED0E,OTTOMAN SIYAQ NUMBER FIFTY,𞴎
No,U+1ED0F,OTTOMAN SIYAQ NUMBER SIXTY,𞴏
No,U+1ED10,OTTOMAN SIYAQ NUMBER SEVENTY,𞴐
No,U+1ED11,OTTOMAN SIYAQ NUMBER EIGHTY,𞴑
No,U+1ED12,OTTOMAN SIYAQ NUMBER NINETY,𞴒
No,U+1ED13,OTTOMAN SIYAQ NUMBER ONE HUNDRED,𞴓
No,U+1ED14,OTTOMAN SIYAQ NUMBER TWO HUNDRED,𞴔
No,U+1ED15,OTTOMAN SIYAQ NUMBER THREE HUNDRED,𞴕
No,U+1ED16,OTTOMAN SIYAQ NUMBER FOUR HUNDRED,𞴖
No,U+1ED17,OTTOMAN SIYAQ NUMBER FIVE HUNDRED,𞴗
No,U+1ED18,OTTOMAN SIYAQ NUMBER SIX HUNDRED,𞴘
No,U+1ED19,OTTOMAN SIYAQ NUMBER SEVEN HUNDRED,𞴙
No,U+1ED1A,OTTOMAN SIYAQ NUMBER EIGHT HUNDRED,𞴚
No,U+1ED1B,OTTOMAN SIYAQ NUMBER NINE HUNDRED,𞴛
No,U+1ED1C,OTTOMAN SIYAQ NUMBER ONE THOUSAND,𞴜
No,U+1ED1D,OTTOMAN SIYAQ NUMBER TWO THOUSAND,𞴝
No,U+1ED1E,OTTOMAN SIYAQ NUMBER THREE THOUSAND,𞴞
No,U+1ED1F,OTTOMAN SIYAQ NUMBER FOUR THOUSAND,𞴟
No,U+1ED20,OTTOMAN SIYAQ NUMBER FIVE THOUSAND,𞴠
No,U+1ED21,OTTOMAN SIYAQ NUMBER SIX THOUSAND,𞴡
No,U+1ED22,OTTOMAN SIYAQ NUMBER SEVEN THOUSAND,𞴢
No,U+1ED23,OTTOMAN SIYAQ NUMBER EIGHT THOUSAND,𞴣
No,U+1ED24,OTTOMAN SIYAQ NUMBER NINE THOUSAND,𞴤
No,U+1ED25,OTTOMAN SIYAQ NUMBER TEN THOUSAND,𞴥
No,U+1ED26,OTTOMAN SIYAQ NUMBER TWENTY THOUSAND,𞴦
No,U+1ED27,OTTOMAN SIYAQ NUMBER THIRTY THOUSAND,𞴧
No,U+1ED28,OTTOMAN SIYAQ NUMBER FORTY THOUSAND,𞴨
No,U+1ED29,OTTOMAN SIYAQ NUMBER FIFTY THOUSAND,𞴩
No,U+1ED2A,OTTOMAN SIYAQ NUMBER SIXTY THOUSAND,𞴪
No,U+1ED2B,OTTOMAN SIYAQ NUMBER SEVENTY THOUSAND,𞴫
No,U+1ED2C,OTTOMAN SIYAQ NUMBER EIGHTY THOUSAND,𞴬
No,U+1ED2D,OTTOMAN SIYAQ NUMBER NINETY THOUSAND,𞴭
No,U+1ED2F,OTTOMAN SIYAQ ALTERNATE NUMBER TWO,𞴯
No,U+1ED30,OTTOMAN SIYAQ ALTERNATE NUMBER THREE,𞴰
No,U+1ED31,OTTOMAN SIYAQ ALTERNATE NUMBER FOUR,𞴱
No,U+1ED32,OTTOMAN SIYAQ ALTERNATE NUMBER FIVE,𞴲
No,U+1ED33,OTTOMAN SIYAQ ALTERNATE NUMBER SIX,𞴳
No,U+1ED34,OTTOMAN SIYAQ ALTERNATE NUMBER SEVEN,𞴴
No,U+1ED35,OTTOMAN SIYAQ ALTERNATE NUMBER EIGHT,𞴵
No,U+1ED36,OTTOMAN SIYAQ ALTERNATE NUMBER NINE,𞴶
No,U+1ED37,OTTOMAN SIYAQ ALTERNATE NUMBER TEN,𞴷
No,U+1ED38,OTTOMAN SIYAQ ALTERNATE NUMBER FOUR HUNDRED,𞴸
No,U+1ED39,OTTOMAN SIYAQ ALTERNATE NUMBER SIX HUNDRED,𞴹
No,U+1ED3A,OTTOMAN SIYAQ ALTERNATE NUMBER TWO THOUSAND,𞴺
No,U+1ED3B,OTTOMAN SIYAQ ALTERNATE NUMBER TEN THOUSAND,𞴻
No,U+1ED3C,OTTOMAN SIYAQ FRACTION ONE HALF,𞴼
No,U+1ED3D,OTTOMAN SIYAQ FRACTION ONE SIXTH,𞴽
No,U+1F100,DIGIT ZERO FULL STOP,🄀
No,U+1F101,DIGIT ZERO COMMA,🄁
No,U+1F102,DIGIT ONE COMMA,🄂
No,U+1F103,DIGIT TWO COMMA,🄃
No,U+1F104,DIGIT THREE COMMA,🄄
No,U+1F105,DIGIT FOUR COMMA,🄅
No,U+1F106,DIGIT FIVE COMMA,🄆
No,U+1F107,DIGIT SIX COMMA,🄇
No,U+1F108,DIGIT SEVEN COMMA,🄈
No,U+1F109,DIGIT EIGHT COMMA,🄉
No,U+1F10A,DIGIT NINE COMMA,🄊
No,U+1F10B,DINGBAT CIRCLED SANS-SERIF DIGIT ZERO,🄋
No,U+1F10C,DINGBAT NEGATIVE CIRCLED SANS-SERIF DIGIT ZERO,🄌
